[{"model": "admin.logentry", "pk": 1, "fields": {"action_time": "2023-02-09T06:15:06.442Z", "user": 3, "content_type": 13, "object_id": "1", "object_repr": "/news/ -- News", "action_flag": 1, "change_message": "[{\"added\": {}}]"}}, {"model": "admin.logentry", "pk": 2, "fields": {"action_time": "2023-02-15T07:31:38.881Z", "user": 3, "content_type": 9, "object_id": "4", "object_repr": "Goldman Sachs несет миллиардные убытки из-за карточки Apple. Так ли это? natalya <QuerySet []> В этой небольшой статье я попытаюсь разобраться, что случилось на самом деле, и почему предлагаемая СМИ и", "action_flag": 1, "change_message": "[{\"added\": {}}]"}}, {"model": "admin.logentry", "pk": 3, "fields": {"action_time": "2023-02-15T07:34:03.596Z", "user": 3, "content_type": 9, "object_id": "5", "object_repr": "Google начала развёртывать 5-гигабитный интернет в трёх городах США ilya <QuerySet []> Google в рамках проекта Fiber начала развёртывать 5-гигабитный интернет в трёх американских городах: Канзас-Сити,", "action_flag": 1, "change_message": "[{\"added\": {}}]"}}, {"model": "admin.logentry", "pk": 4, "fields": {"action_time": "2023-02-17T08:43:32.791Z", "user": 3, "content_type": 8, "object_id": "7", "object_repr": "яндекс", "action_flag": 1, "change_message": "[{\"added\": {}}]"}}, {"model": "admin.logentry", "pk": 5, "fields": {"action_time": "2023-02-17T08:43:37.714Z", "user": 3, "content_type": 8, "object_id": "8", "object_repr": "криптовалюты", "action_flag": 1, "change_message": "[{\"added\": {}}]"}}, {"model": "admin.logentry", "pk": 6, "fields": {"action_time": "2023-02-17T08:43:43.716Z", "user": 3, "content_type": 8, "object_id": "9", "object_repr": "конвертер", "action_flag": 1, "change_message": "[{\"added\": {}}]"}}, {"model": "admin.logentry", "pk": 7, "fields": {"action_time": "2023-02-17T14:44:55.665Z", "user": 3, "content_type": 8, "object_id": "10", "object_repr": "active directory", "action_flag": 1, "change_message": "[{\"added\": {}}]"}}, {"model": "admin.logentry", "pk": 8, "fields": {"action_time": "2023-02-17T14:45:02.143Z", "user": 3, "content_type": 8, "object_id": "11", "object_repr": "pentest", "action_flag": 1, "change_message": "[{\"added\": {}}]"}}, {"model": "admin.logentry", "pk": 9, "fields": {"action_time": "2023-02-17T14:45:10.661Z", "user": 3, "content_type": 8, "object_id": "12", "object_repr": "информационная безопасность", "action_flag": 1, "change_message": "[{\"added\": {}}]"}}, {"model": "admin.logentry", "pk": 10, "fields": {"action_time": "2023-02-17T14:45:17.568Z", "user": 3, "content_type": 8, "object_id": "13", "object_repr": "windows", "action_flag": 1, "change_message": "[{\"added\": {}}]"}}, {"model": "admin.logentry", "pk": 11, "fields": {"action_time": "2023-02-19T11:53:58.443Z", "user": 3, "content_type": 8, "object_id": "14", "object_repr": "algorithms", "action_flag": 1, "change_message": "[{\"added\": {}}]"}}, {"model": "admin.logentry", "pk": 12, "fields": {"action_time": "2023-02-19T11:54:02.043Z", "user": 3, "content_type": 8, "object_id": "15", "object_repr": "loop", "action_flag": 1, "change_message": "[{\"added\": {}}]"}}, {"model": "admin.logentry", "pk": 13, "fields": {"action_time": "2023-02-19T11:55:23.672Z", "user": 3, "content_type": 8, "object_id": "16", "object_repr": "ocr", "action_flag": 1, "change_message": "[{\"added\": {}}]"}}, {"model": "admin.logentry", "pk": 14, "fields": {"action_time": "2023-02-19T11:56:26.835Z", "user": 3, "content_type": 8, "object_id": "17", "object_repr": "google", "action_flag": 1, "change_message": "[{\"added\": {}}]"}}, {"model": "admin.logentry", "pk": 15, "fields": {"action_time": "2023-02-19T11:56:29.074Z", "user": 3, "content_type": 8, "object_id": "18", "object_repr": "VR", "action_flag": 1, "change_message": "[{\"added\": {}}]"}}, {"model": "admin.logentry", "pk": 16, "fields": {"action_time": "2023-02-19T11:57:47.995Z", "user": 3, "content_type": 8, "object_id": "19", "object_repr": "startlink", "action_flag": 1, "change_message": "[{\"added\": {}}]"}}, {"model": "admin.logentry", "pk": 17, "fields": {"action_time": "2023-02-19T12:01:29.967Z", "user": 3, "content_type": 8, "object_id": "20", "object_repr": "games", "action_flag": 1, "change_message": "[{\"added\": {}}]"}}, {"model": "admin.logentry", "pk": 18, "fields": {"action_time": "2023-02-19T12:01:44.741Z", "user": 3, "content_type": 8, "object_id": "21", "object_repr": "steam", "action_flag": 1, "change_message": "[{\"added\": {}}]"}}, {"model": "admin.logentry", "pk": 19, "fields": {"action_time": "2023-02-23T07:56:00.034Z", "user": 3, "content_type": 12, "object_id": "1", "object_repr": "127.0.0.1", "action_flag": 2, "change_message": "[{\"changed\": {\"fields\": [\"Domain name\"]}}]"}}, {"model": "admin.logentry", "pk": 20, "fields": {"action_time": "2023-02-23T08:01:37.939Z", "user": 3, "content_type": 17, "object_id": "1", "object_repr": "Google", "action_flag": 1, "change_message": "[{\"added\": {}}]"}}, {"model": "admin.logentry", "pk": 21, "fields": {"action_time": "2023-02-24T06:50:50.327Z", "user": 3, "content_type": 3, "object_id": "1", "object_repr": "common", "action_flag": 1, "change_message": "[{\"added\": {}}]"}}, {"model": "admin.logentry", "pk": 22, "fields": {"action_time": "2023-02-24T06:51:05.591Z", "user": 3, "content_type": 3, "object_id": "2", "object_repr": "authors", "action_flag": 1, "change_message": "[{\"added\": {}}]"}}, {"model": "admin.logentry", "pk": 23, "fields": {"action_time": "2023-02-24T08:53:36.299Z", "user": 3, "content_type": 4, "object_id": "4", "object_repr": "ilya9", "action_flag": 2, "change_message": "[{\"changed\": {\"fields\": [\"password\"]}}]"}}, {"model": "admin.logentry", "pk": 24, "fields": {"action_time": "2023-02-24T09:20:36.587Z", "user": 3, "content_type": 4, "object_id": "4", "object_repr": "ilya9", "action_flag": 2, "change_message": "[{\"changed\": {\"fields\": [\"Groups\"]}}]"}}, {"model": "admin.logentry", "pk": 25, "fields": {"action_time": "2023-02-24T09:32:27.305Z", "user": 3, "content_type": 4, "object_id": "4", "object_repr": "ilya9", "action_flag": 2, "change_message": "[{\"changed\": {\"fields\": [\"Groups\"]}}]"}}, {"model": "admin.logentry", "pk": 26, "fields": {"action_time": "2023-02-24T09:34:04.869Z", "user": 3, "content_type": 4, "object_id": "4", "object_repr": "ilya9", "action_flag": 2, "change_message": "[{\"changed\": {\"fields\": [\"Groups\"]}}]"}}, {"model": "admin.logentry", "pk": 27, "fields": {"action_time": "2023-02-25T07:07:33.757Z", "user": 3, "content_type": 3, "object_id": "2", "object_repr": "authors", "action_flag": 2, "change_message": "[{\"changed\": {\"fields\": [\"Permissions\"]}}]"}}, {"model": "admin.logentry", "pk": 28, "fields": {"action_time": "2023-02-25T07:09:12.186Z", "user": 3, "content_type": 4, "object_id": "4", "object_repr": "ilya9", "action_flag": 2, "change_message": "[{\"changed\": {\"fields\": [\"Groups\"]}}]"}}, {"model": "admin.logentry", "pk": 29, "fields": {"action_time": "2023-02-25T07:09:22.933Z", "user": 3, "content_type": 4, "object_id": "5", "object_repr": "common_user", "action_flag": 2, "change_message": "[{\"changed\": {\"fields\": [\"Groups\"]}}]"}}, {"model": "admin.logentry", "pk": 30, "fields": {"action_time": "2023-02-25T07:12:00.855Z", "user": 3, "content_type": 3, "object_id": "2", "object_repr": "authors", "action_flag": 2, "change_message": "[{\"changed\": {\"fields\": [\"Permissions\"]}}]"}}, {"model": "admin.logentry", "pk": 31, "fields": {"action_time": "2023-02-25T07:15:20.312Z", "user": 3, "content_type": 3, "object_id": "2", "object_repr": "authors", "action_flag": 2, "change_message": "[{\"changed\": {\"fields\": [\"Permissions\"]}}]"}}, {"model": "admin.logentry", "pk": 32, "fields": {"action_time": "2023-02-25T08:08:50.021Z", "user": 3, "content_type": 4, "object_id": "4", "object_repr": "ilya9", "action_flag": 3, "change_message": ""}}, {"model": "admin.logentry", "pk": 33, "fields": {"action_time": "2023-02-25T08:14:17.028Z", "user": 3, "content_type": 4, "object_id": "6", "object_repr": "ilya5", "action_flag": 3, "change_message": ""}}, {"model": "admin.logentry", "pk": 34, "fields": {"action_time": "2023-02-25T08:16:47.994Z", "user": 3, "content_type": 4, "object_id": "7", "object_repr": "ilya5", "action_flag": 3, "change_message": ""}}, {"model": "admin.logentry", "pk": 35, "fields": {"action_time": "2023-02-25T08:22:22.177Z", "user": 3, "content_type": 4, "object_id": "8", "object_repr": "ilya9", "action_flag": 3, "change_message": ""}}, {"model": "admin.logentry", "pk": 36, "fields": {"action_time": "2023-02-25T09:03:49.028Z", "user": 3, "content_type": 3, "object_id": "2", "object_repr": "authors", "action_flag": 2, "change_message": "[{\"changed\": {\"fields\": [\"Permissions\"]}}]"}}, {"model": "admin.logentry", "pk": 37, "fields": {"action_time": "2023-03-02T15:16:53.559Z", "user": 3, "content_type": 4, "object_id": "10", "object_repr": "author", "action_flag": 2, "change_message": "[{\"changed\": {\"fields\": [\"Groups\"]}}]"}}, {"model": "admin.logentry", "pk": 38, "fields": {"action_time": "2023-03-02T15:18:15.673Z", "user": 3, "content_type": 4, "object_id": "10", "object_repr": "author", "action_flag": 2, "change_message": "[{\"changed\": {\"fields\": [\"Groups\"]}}]"}}, {"model": "admin.logentry", "pk": 39, "fields": {"action_time": "2023-03-02T15:21:57.329Z", "user": 3, "content_type": 4, "object_id": "10", "object_repr": "author", "action_flag": 2, "change_message": "[{\"changed\": {\"fields\": [\"Groups\"]}}]"}}, {"model": "admin.logentry", "pk": 40, "fields": {"action_time": "2023-03-11T13:31:06.975Z", "user": 3, "content_type": 9, "object_id": "106", "object_repr": "Testing caching task author <QuerySet [{'name': 'Django'}]> Testing caching taskTesting caching taskTesting caching taskTesting caching taskTesting caching taskTesting caching taskTesti...", "action_flag": 2, "change_message": "[{\"changed\": {\"fields\": [\"Title\"]}}]"}}, {"model": "admin.logentry", "pk": 41, "fields": {"action_time": "2023-03-11T13:34:31.194Z", "user": 3, "content_type": 9, "object_id": "106", "object_repr": "Testing caching caching task author <QuerySet [{'name': 'Django'}]> Testing caching taskTesting caching taskTesting caching taskTesting caching taskTesting caching taskTesting caching taskTesti...", "action_flag": 2, "change_message": "[{\"changed\": {\"fields\": [\"Title\"]}}]"}}, {"model": "admin.logentry", "pk": 42, "fields": {"action_time": "2023-03-11T13:34:41.219Z", "user": 3, "content_type": 9, "object_id": "106", "object_repr": "Testing caching task author <QuerySet [{'name': 'Django'}]> Testing caching taskTesting caching taskTesting caching taskTesting caching taskTesting caching taskTesting caching taskTesti...", "action_flag": 2, "change_message": "[{\"changed\": {\"fields\": [\"Title\"]}}]"}}, {"model": "auth.permission", "pk": 1, "fields": {"name": "Can add log entry", "content_type": 1, "codename": "add_logentry"}}, {"model": "auth.permission", "pk": 2, "fields": {"name": "Can change log entry", "content_type": 1, "codename": "change_logentry"}}, {"model": "auth.permission", "pk": 3, "fields": {"name": "Can delete log entry", "content_type": 1, "codename": "delete_logentry"}}, {"model": "auth.permission", "pk": 4, "fields": {"name": "Can view log entry", "content_type": 1, "codename": "view_logentry"}}, {"model": "auth.permission", "pk": 5, "fields": {"name": "Can add permission", "content_type": 2, "codename": "add_permission"}}, {"model": "auth.permission", "pk": 6, "fields": {"name": "Can change permission", "content_type": 2, "codename": "change_permission"}}, {"model": "auth.permission", "pk": 7, "fields": {"name": "Can delete permission", "content_type": 2, "codename": "delete_permission"}}, {"model": "auth.permission", "pk": 8, "fields": {"name": "Can view permission", "content_type": 2, "codename": "view_permission"}}, {"model": "auth.permission", "pk": 9, "fields": {"name": "Can add group", "content_type": 3, "codename": "add_group"}}, {"model": "auth.permission", "pk": 10, "fields": {"name": "Can change group", "content_type": 3, "codename": "change_group"}}, {"model": "auth.permission", "pk": 11, "fields": {"name": "Can delete group", "content_type": 3, "codename": "delete_group"}}, {"model": "auth.permission", "pk": 12, "fields": {"name": "Can view group", "content_type": 3, "codename": "view_group"}}, {"model": "auth.permission", "pk": 13, "fields": {"name": "Can add user", "content_type": 4, "codename": "add_user"}}, {"model": "auth.permission", "pk": 14, "fields": {"name": "Can change user", "content_type": 4, "codename": "change_user"}}, {"model": "auth.permission", "pk": 15, "fields": {"name": "Can delete user", "content_type": 4, "codename": "delete_user"}}, {"model": "auth.permission", "pk": 16, "fields": {"name": "Can view user", "content_type": 4, "codename": "view_user"}}, {"model": "auth.permission", "pk": 17, "fields": {"name": "Can add content type", "content_type": 5, "codename": "add_contenttype"}}, {"model": "auth.permission", "pk": 18, "fields": {"name": "Can change content type", "content_type": 5, "codename": "change_contenttype"}}, {"model": "auth.permission", "pk": 19, "fields": {"name": "Can delete content type", "content_type": 5, "codename": "delete_contenttype"}}, {"model": "auth.permission", "pk": 20, "fields": {"name": "Can view content type", "content_type": 5, "codename": "view_contenttype"}}, {"model": "auth.permission", "pk": 21, "fields": {"name": "Can add session", "content_type": 6, "codename": "add_session"}}, {"model": "auth.permission", "pk": 22, "fields": {"name": "Can change session", "content_type": 6, "codename": "change_session"}}, {"model": "auth.permission", "pk": 23, "fields": {"name": "Can delete session", "content_type": 6, "codename": "delete_session"}}, {"model": "auth.permission", "pk": 24, "fields": {"name": "Can view session", "content_type": 6, "codename": "view_session"}}, {"model": "auth.permission", "pk": 25, "fields": {"name": "Can add author", "content_type": 7, "codename": "add_author"}}, {"model": "auth.permission", "pk": 26, "fields": {"name": "Can change author", "content_type": 7, "codename": "change_author"}}, {"model": "auth.permission", "pk": 27, "fields": {"name": "Can delete author", "content_type": 7, "codename": "delete_author"}}, {"model": "auth.permission", "pk": 28, "fields": {"name": "Can view author", "content_type": 7, "codename": "view_author"}}, {"model": "auth.permission", "pk": 29, "fields": {"name": "Can add category", "content_type": 8, "codename": "add_category"}}, {"model": "auth.permission", "pk": 30, "fields": {"name": "Can change category", "content_type": 8, "codename": "change_category"}}, {"model": "auth.permission", "pk": 31, "fields": {"name": "Can delete category", "content_type": 8, "codename": "delete_category"}}, {"model": "auth.permission", "pk": 32, "fields": {"name": "Can view category", "content_type": 8, "codename": "view_category"}}, {"model": "auth.permission", "pk": 33, "fields": {"name": "Can add post", "content_type": 9, "codename": "add_post"}}, {"model": "auth.permission", "pk": 34, "fields": {"name": "Can change post", "content_type": 9, "codename": "change_post"}}, {"model": "auth.permission", "pk": 35, "fields": {"name": "Can delete post", "content_type": 9, "codename": "delete_post"}}, {"model": "auth.permission", "pk": 36, "fields": {"name": "Can view post", "content_type": 9, "codename": "view_post"}}, {"model": "auth.permission", "pk": 37, "fields": {"name": "Can add post category", "content_type": 10, "codename": "add_postcategory"}}, {"model": "auth.permission", "pk": 38, "fields": {"name": "Can change post category", "content_type": 10, "codename": "change_postcategory"}}, {"model": "auth.permission", "pk": 39, "fields": {"name": "Can delete post category", "content_type": 10, "codename": "delete_postcategory"}}, {"model": "auth.permission", "pk": 40, "fields": {"name": "Can view post category", "content_type": 10, "codename": "view_postcategory"}}, {"model": "auth.permission", "pk": 41, "fields": {"name": "Can add comment", "content_type": 11, "codename": "add_comment"}}, {"model": "auth.permission", "pk": 42, "fields": {"name": "Can change comment", "content_type": 11, "codename": "change_comment"}}, {"model": "auth.permission", "pk": 43, "fields": {"name": "Can delete comment", "content_type": 11, "codename": "delete_comment"}}, {"model": "auth.permission", "pk": 44, "fields": {"name": "Can view comment", "content_type": 11, "codename": "view_comment"}}, {"model": "auth.permission", "pk": 45, "fields": {"name": "Can add site", "content_type": 12, "codename": "add_site"}}, {"model": "auth.permission", "pk": 46, "fields": {"name": "Can change site", "content_type": 12, "codename": "change_site"}}, {"model": "auth.permission", "pk": 47, "fields": {"name": "Can delete site", "content_type": 12, "codename": "delete_site"}}, {"model": "auth.permission", "pk": 48, "fields": {"name": "Can view site", "content_type": 12, "codename": "view_site"}}, {"model": "auth.permission", "pk": 49, "fields": {"name": "Can add flat page", "content_type": 13, "codename": "add_flatpage"}}, {"model": "auth.permission", "pk": 50, "fields": {"name": "Can change flat page", "content_type": 13, "codename": "change_flatpage"}}, {"model": "auth.permission", "pk": 51, "fields": {"name": "Can delete flat page", "content_type": 13, "codename": "delete_flatpage"}}, {"model": "auth.permission", "pk": 52, "fields": {"name": "Can view flat page", "content_type": 13, "codename": "view_flatpage"}}, {"model": "auth.permission", "pk": 53, "fields": {"name": "Can add email address", "content_type": 14, "codename": "add_emailaddress"}}, {"model": "auth.permission", "pk": 54, "fields": {"name": "Can change email address", "content_type": 14, "codename": "change_emailaddress"}}, {"model": "auth.permission", "pk": 55, "fields": {"name": "Can delete email address", "content_type": 14, "codename": "delete_emailaddress"}}, {"model": "auth.permission", "pk": 56, "fields": {"name": "Can view email address", "content_type": 14, "codename": "view_emailaddress"}}, {"model": "auth.permission", "pk": 57, "fields": {"name": "Can add email confirmation", "content_type": 15, "codename": "add_emailconfirmation"}}, {"model": "auth.permission", "pk": 58, "fields": {"name": "Can change email confirmation", "content_type": 15, "codename": "change_emailconfirmation"}}, {"model": "auth.permission", "pk": 59, "fields": {"name": "Can delete email confirmation", "content_type": 15, "codename": "delete_emailconfirmation"}}, {"model": "auth.permission", "pk": 60, "fields": {"name": "Can view email confirmation", "content_type": 15, "codename": "view_emailconfirmation"}}, {"model": "auth.permission", "pk": 61, "fields": {"name": "Can add social account", "content_type": 16, "codename": "add_socialaccount"}}, {"model": "auth.permission", "pk": 62, "fields": {"name": "Can change social account", "content_type": 16, "codename": "change_socialaccount"}}, {"model": "auth.permission", "pk": 63, "fields": {"name": "Can delete social account", "content_type": 16, "codename": "delete_socialaccount"}}, {"model": "auth.permission", "pk": 64, "fields": {"name": "Can view social account", "content_type": 16, "codename": "view_socialaccount"}}, {"model": "auth.permission", "pk": 65, "fields": {"name": "Can add social application", "content_type": 17, "codename": "add_socialapp"}}, {"model": "auth.permission", "pk": 66, "fields": {"name": "Can change social application", "content_type": 17, "codename": "change_socialapp"}}, {"model": "auth.permission", "pk": 67, "fields": {"name": "Can delete social application", "content_type": 17, "codename": "delete_socialapp"}}, {"model": "auth.permission", "pk": 68, "fields": {"name": "Can view social application", "content_type": 17, "codename": "view_socialapp"}}, {"model": "auth.permission", "pk": 69, "fields": {"name": "Can add social application token", "content_type": 18, "codename": "add_socialtoken"}}, {"model": "auth.permission", "pk": 70, "fields": {"name": "Can change social application token", "content_type": 18, "codename": "change_socialtoken"}}, {"model": "auth.permission", "pk": 71, "fields": {"name": "Can delete social application token", "content_type": 18, "codename": "delete_socialtoken"}}, {"model": "auth.permission", "pk": 72, "fields": {"name": "Can view social application token", "content_type": 18, "codename": "view_socialtoken"}}, {"model": "auth.permission", "pk": 73, "fields": {"name": "Can add category subscriber", "content_type": 19, "codename": "add_categorysubscriber"}}, {"model": "auth.permission", "pk": 74, "fields": {"name": "Can change category subscriber", "content_type": 19, "codename": "change_categorysubscriber"}}, {"model": "auth.permission", "pk": 75, "fields": {"name": "Can delete category subscriber", "content_type": 19, "codename": "delete_categorysubscriber"}}, {"model": "auth.permission", "pk": 76, "fields": {"name": "Can view category subscriber", "content_type": 19, "codename": "view_categorysubscriber"}}, {"model": "auth.permission", "pk": 77, "fields": {"name": "Can add django job", "content_type": 20, "codename": "add_djangojob"}}, {"model": "auth.permission", "pk": 78, "fields": {"name": "Can change django job", "content_type": 20, "codename": "change_djangojob"}}, {"model": "auth.permission", "pk": 79, "fields": {"name": "Can delete django job", "content_type": 20, "codename": "delete_djangojob"}}, {"model": "auth.permission", "pk": 80, "fields": {"name": "Can view django job", "content_type": 20, "codename": "view_djangojob"}}, {"model": "auth.permission", "pk": 81, "fields": {"name": "Can add django job execution", "content_type": 21, "codename": "add_djangojobexecution"}}, {"model": "auth.permission", "pk": 82, "fields": {"name": "Can change django job execution", "content_type": 21, "codename": "change_djangojobexecution"}}, {"model": "auth.permission", "pk": 83, "fields": {"name": "Can delete django job execution", "content_type": 21, "codename": "delete_djangojobexecution"}}, {"model": "auth.permission", "pk": 84, "fields": {"name": "Can view django job execution", "content_type": 21, "codename": "view_djangojobexecution"}}, {"model": "auth.group", "pk": 1, "fields": {"name": "common", "permissions": []}}, {"model": "auth.group", "pk": 2, "fields": {"name": "authors", "permissions": [33, 34]}}, {"model": "auth.user", "pk": 1, "fields": {"password": "!gZ66ub97QUzo6SO6o6DdPUNatAodB8Qjai7JvIlr", "last_login": null, "is_superuser": false, "username": "ilya", "first_name": "", "last_name": "", "email": "", "is_staff": false, "is_active": true, "date_joined": "2023-02-05T14:24:32.387Z", "groups": [], "user_permissions": []}}, {"model": "auth.user", "pk": 2, "fields": {"password": "!rH6KfPeIcdFOud8mYjp1QHvLdmji7gZKh2knhggS", "last_login": null, "is_superuser": false, "username": "natalya", "first_name": "", "last_name": "", "email": "", "is_staff": false, "is_active": true, "date_joined": "2023-02-05T14:24:52.566Z", "groups": [], "user_permissions": []}}, {"model": "auth.user", "pk": 3, "fields": {"password": "pbkdf2_sha256$390000$XPg25i37OtMQXwl9N6EgU4$z5GN6wf1V75WOKjd1J005t9d8FHlWAIp3ai7xtfWJAA=", "last_login": "2023-03-11T13:30:50.954Z", "is_superuser": true, "username": "admin", "first_name": "", "last_name": "", "email": "", "is_staff": true, "is_active": true, "date_joined": "2023-02-09T06:13:29.085Z", "groups": [], "user_permissions": []}}, {"model": "auth.user", "pk": 5, "fields": {"password": "pbkdf2_sha256$390000$sYPpAuwvHGqnKM0dt6PW8Z$g6txZXicQ5NdHGmIcB8y38tvwssfaDylpZMJGFZp+xk=", "last_login": "2023-02-24T08:51:18Z", "is_superuser": false, "username": "common_user", "first_name": "", "last_name": "", "email": "common_user@example.com", "is_staff": false, "is_active": true, "date_joined": "2023-02-24T07:31:28Z", "groups": [1], "user_permissions": []}}, {"model": "auth.user", "pk": 10, "fields": {"password": "pbkdf2_sha256$390000$ZqwJ5DXEv6vVMxv3uhmRdK$WEdFgItEwl3sSwr95fQuobwzugzEHO/f9AikuBP94oU=", "last_login": "2023-03-11T12:58:55.286Z", "is_superuser": false, "username": "author", "first_name": "", "last_name": "", "email": "author@example.com", "is_staff": false, "is_active": true, "date_joined": "2023-03-02T14:45:23Z", "groups": [1, 2], "user_permissions": []}}, {"model": "auth.user", "pk": 11, "fields": {"password": "pbkdf2_sha256$390000$jqMHGa7uxqDFeAD5PupM9r$9ca6ngUIJ8Lo5WN4IKmrWZRStRoXzDeUtYRJuF8HRik=", "last_login": "2023-03-05T11:34:12.645Z", "is_superuser": false, "username": "author2", "first_name": "", "last_name": "", "email": "author2@example.com", "is_staff": false, "is_active": true, "date_joined": "2023-03-02T15:26:46.061Z", "groups": [1, 2], "user_permissions": []}}, {"model": "auth.user", "pk": 12, "fields": {"password": "pbkdf2_sha256$390000$sAG1m63K85Zji3B8VzrsvB$U6/x7Hg9fyqjVqgQZkELcwxP5PaVDOTWTnI9DeUeIxg=", "last_login": "2023-03-03T13:43:02.827Z", "is_superuser": false, "username": "azbai", "first_name": "", "last_name": "", "email": "azbai@yandex.ru", "is_staff": false, "is_active": true, "date_joined": "2023-03-03T13:43:02.563Z", "groups": [1], "user_permissions": []}}, {"model": "auth.user", "pk": 15, "fields": {"password": "pbkdf2_sha256$390000$MlorREAqccBFXH4H2oQpwk$t15XP6mOaUq/1/LHZXMBTLnslWPn4mhGB2JMM+QEXAw=", "last_login": "2023-03-07T07:07:02.702Z", "is_superuser": false, "username": "imikhassik", "first_name": "", "last_name": "", "email": "imikhassik@gmail.com", "is_staff": false, "is_active": true, "date_joined": "2023-03-04T10:02:16.469Z", "groups": [1], "user_permissions": []}}, {"model": "contenttypes.contenttype", "pk": 1, "fields": {"app_label": "admin", "model": "logentry"}}, {"model": "contenttypes.contenttype", "pk": 2, "fields": {"app_label": "auth", "model": "permission"}}, {"model": "contenttypes.contenttype", "pk": 3, "fields": {"app_label": "auth", "model": "group"}}, {"model": "contenttypes.contenttype", "pk": 4, "fields": {"app_label": "auth", "model": "user"}}, {"model": "contenttypes.contenttype", "pk": 5, "fields": {"app_label": "contenttypes", "model": "contenttype"}}, {"model": "contenttypes.contenttype", "pk": 6, "fields": {"app_label": "sessions", "model": "session"}}, {"model": "contenttypes.contenttype", "pk": 7, "fields": {"app_label": "news", "model": "author"}}, {"model": "contenttypes.contenttype", "pk": 8, "fields": {"app_label": "news", "model": "category"}}, {"model": "contenttypes.contenttype", "pk": 9, "fields": {"app_label": "news", "model": "post"}}, {"model": "contenttypes.contenttype", "pk": 10, "fields": {"app_label": "news", "model": "postcategory"}}, {"model": "contenttypes.contenttype", "pk": 11, "fields": {"app_label": "news", "model": "comment"}}, {"model": "contenttypes.contenttype", "pk": 12, "fields": {"app_label": "sites", "model": "site"}}, {"model": "contenttypes.contenttype", "pk": 13, "fields": {"app_label": "flatpages", "model": "flatpage"}}, {"model": "contenttypes.contenttype", "pk": 14, "fields": {"app_label": "account", "model": "emailaddress"}}, {"model": "contenttypes.contenttype", "pk": 15, "fields": {"app_label": "account", "model": "emailconfirmation"}}, {"model": "contenttypes.contenttype", "pk": 16, "fields": {"app_label": "socialaccount", "model": "socialaccount"}}, {"model": "contenttypes.contenttype", "pk": 17, "fields": {"app_label": "socialaccount", "model": "socialapp"}}, {"model": "contenttypes.contenttype", "pk": 18, "fields": {"app_label": "socialaccount", "model": "socialtoken"}}, {"model": "contenttypes.contenttype", "pk": 19, "fields": {"app_label": "news", "model": "categorysubscriber"}}, {"model": "contenttypes.contenttype", "pk": 20, "fields": {"app_label": "django_apscheduler", "model": "djangojob"}}, {"model": "contenttypes.contenttype", "pk": 21, "fields": {"app_label": "django_apscheduler", "model": "djangojobexecution"}}, {"model": "sessions.session", "pk": "2d3089xrjh0shp4ind75raouxlklwwv4", "fields": {"session_data": ".eJxVjcsOwiAQRf-FtWlKeUl3-iNkGIaU2FBTaKIx_rvUdKGLWdzHnPtiDrY6ua3Q6lJgI5Ps9Ot5wBvlPYB53u0OEJct1-7bOeLSXZqiXBNCTUu-Hl9_qAnK1DgBLCkT9aCU58IY23PLKeqzUYqCloBaBAUxeBs0oeDkh6AHica2i2KHFiqlzTh63NP6ZGP__gDB0kPS:1pVUTI:bOzukgOaf3S0uY9JhQO_QzjQzB5wENLW5DMt9PpymVk", "expire_date": "2023-03-10T09:34:32.425Z"}}, {"model": "sessions.session", "pk": "6kb6c09bpg5k0uxh119r7xgb1ngv531p", "fields": {"session_data": ".eJxVjEEOwiAQRe_C2hAZwIJL956BzDCDVA1NSrsy3l2bdKHb_977L5VwXWpau8xpZHVWVh1-N8L8kLYBvmO7TTpPbZlH0puid9r1dWJ5Xnb376Bir99aAkYOnGMwAui5AHiBmPnEDii6woUETSE3OBcNIRshf7TWDpwzGPX-ABLXOPA:1pQNou:o82liV4efPEquZQsJVH9HkBMBxEeLq0UTuDuSF0KXuE", "expire_date": "2023-02-24T07:27:44.672Z"}}, {"model": "sessions.session", "pk": "bobc96kzygpgp06mn93o2us9ckri9v6e", "fields": {"session_data": ".eJxVjksKwzAMRO_idQlS4nx37UWMLCvENDgldqCl9O51QhbtRqCZ0dO8laEtTWaLshrv1KAQ1eVXtMR3CbtD87zLBTEvW0jFkTntWFzzJiF5puSXcDuv_lATxSlzahzROQQBoo4IS1uNeTDDiJXV2IPGUktX2xaJy7avGsDa2UZrsLo7-kWJMb8x8nz49aUG-HwB18pDGA:1pYRUV:bCaU8e3BJbxMOJQIJJfq2vNujDGUvNIYDeXJP_11cwQ", "expire_date": "2023-03-18T12:59:59.395Z"}}, {"model": "sessions.session", "pk": "eanih8wr4c72jdmw7srugxlcy4tewq6z", "fields": {"session_data": ".eJxVjksKwzAMRO_idQlS4nx37UWMLCvENDgldqCl9O51QhbtRqCZ0dO8laEtTWaLshrv1KAQ1eVXtMR3CbtD87zLBTEvW0jFkTntWFzzJiF5puSXcDuv_lATxSlzahzROQQBoo4IS1uNeTDDiJXV2IPGUktX2xaJy7avGsDa2UZrsLo7-kWJMb8x8nz49aUG-HwB18pDGA:1pY5hJ:Cy_F8y7bK7T8aaHgy5UPrz1pMqfMWZa4-41xBzkrDpc", "expire_date": "2023-03-17T13:43:45.731Z"}}, {"model": "sessions.session", "pk": "hy5e4udqpgdp928jxzofhu6rjytfqpzg", "fields": {"session_data": ".eJxVjU0OwiAQhe_C2jSFKtDu7EXIMMykxIaaQhON8e4W04Uu39_3XsLBVia3ZVpdDGIQshWnX9MD3ijVBOa52g0gLlsqzbdzxLm57opSiQglLmk8Vn-oCfK0c7yWpKw2rFmB5Q6QSXurpGFkb0BJTYqwRaI-gFXojenIXM4BkXvSFZop5_3G0eMe16cY2vcHMEBFRw:1pZRST:uLiqxL340slB39L_MgHNGV05RE80oOcVx_MN5hk6UE8", "expire_date": "2023-03-21T07:10:01.932Z"}}, {"model": "sessions.session", "pk": "olmkfxw33fb1jm19po5xahuvnvgsm74z", "fields": {"session_data": ".eJxVjMEOwiAQRP-FsyGlsAW86Y-QZVnSxoYmAifjv9uaHvQ4b2beSwTsbQ698jMsSVyFAnH5hRHpweVocF0PLJFo66XJ7-asq7ztiUtbCNuylfv5-lPNWOfdQ8YBpyFlFxGUNgNbP5gI2qgpsabRx8x-RKstRc9ss0t2gpTBxIkciPcH7mM89Q:1pYOic:TYleyGGf5zQKBBFvj9twrkCtXD9aeGrGifPHEQD9GxA", "expire_date": "2023-03-18T10:02:22.827Z"}}, {"model": "sessions.session", "pk": "ovxgiq2b9gwh1tsz7ef9wf6qpy24bei4", "fields": {"session_data": ".eJxVjU0OwiAQhe_C2jSFKtDu7EXIMMykxIaaQhON8e4W04Uu39_3XsLBVia3ZVpdDGIQshWnX9MD3ijVBOa52g0gLlsqzbdzxLm57opSiQglLmk8Vn-oCfK0c7yWpKw2rFmB5Q6QSXurpGFkb0BJTYqwRaI-gFXojenIXM4BkXvSFZop5_3G0eMe16cY2vcHMEBFRw:1paYTj:pCv-tpR4zA2S_A_32DR_QKW4qU3D_sDVqZi_Ku6Qx-4", "expire_date": "2023-03-24T08:51:55.793Z"}}, {"model": "sessions.session", "pk": "rltfjktku83y6crbrss30v80gkbx8dwo", "fields": {"session_data": ".eJxVjEEOwiAQRe_C2hAZwIJL956BzDCDVA1NSrsy3l2bdKHb_977L5VwXWpau8xpZHVWVh1-N8L8kLYBvmO7TTpPbZlH0puid9r1dWJ5Xnb376Bir99aAkYOnGMwAui5AHiBmPnEDii6woUETSE3OBcNIRshf7TWDpwzGPX-ABLXOPA:1pQ0Bw:Zt9EId664SYtajEVOv-L-pYoBIyaTr9qCa9Pc4oeUKk", "expire_date": "2023-02-23T06:13:56.386Z"}}, {"model": "sessions.session", "pk": "xrybaw90dcou4i8u2qufnax795xjzh5d", "fields": {"session_data": ".eJxVjDsOwjAQRO_iGllk8ZeSPmewdu0NDiBbipMKcXccKQWU8-bNvEXAbc1ha7yEOYmruIjTLyOMTy57kR5Y7lXGWtZlJrkr8mibHGvi1-1w_w4yttzX1qkERGxYJW0daOpJUzqDcp41kQcEmpRTHaLTAwykjLfRmik6JvH5Au7ROD4:1pazJC:I9vviF-cK0KOG1JPeb-h-m6IxCgFvNzpiqxMcR0A-TA", "expire_date": "2023-03-25T13:30:50.960Z"}}, {"model": "sessions.session", "pk": "yjc2oys8ml5g5r0w79gecxuie8xuqbh7", "fields": {"session_data": ".eJxVjU0OwiAQhe_C2jSFKtDu7EXIMMykxIaaQhON8e4W04Uu39_3XsLBVia3ZVpdDGIQshWnX9MD3ijVBOa52g0gLlsqzbdzxLm57opSiQglLmk8Vn-oCfK0c7yWpKw2rFmB5Q6QSXurpGFkb0BJTYqwRaI-gFXojenIXM4BkXvSFZop5_3G0eMe16cY2vcHMEBFRw:1pYonl:kpInPuSNvidqoU3k5gqohjg6zuj2TEeOL2MYV4Dcbmo", "expire_date": "2023-03-19T13:53:25.956Z"}}, {"model": "sites.site", "pk": 1, "fields": {"domain": "127.0.0.1", "name": "example.com"}}, {"model": "flatpages.flatpage", "pk": 1, "fields": {"url": "/news/", "title": "News", "content": "", "enable_comments": false, "template_name": "", "registration_required": false, "sites": [1]}}, {"model": "account.emailaddress", "pk": 2, "fields": {"user": 5, "email": "common_user@example.com", "verified": false, "primary": true}}, {"model": "account.emailaddress", "pk": 7, "fields": {"user": 10, "email": "author@example.com", "verified": false, "primary": true}}, {"model": "account.emailaddress", "pk": 8, "fields": {"user": 11, "email": "author2@example.com", "verified": false, "primary": true}}, {"model": "account.emailaddress", "pk": 9, "fields": {"user": 12, "email": "azbai@yandex.ru", "verified": false, "primary": true}}, {"model": "account.emailaddress", "pk": 12, "fields": {"user": 15, "email": "imikhassik@gmail.com", "verified": true, "primary": true}}, {"model": "socialaccount.socialapp", "pk": 1, "fields": {"provider": "google", "name": "Google", "client_id": "1099316372169-17a165abud7tmkkdi06987f4bhi8toen.apps.googleusercontent.com", "secret": "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", "key": "", "sites": [1]}}, {"model": "news.author", "pk": 1, "fields": {"user": 1, "rating": 23}}, {"model": "news.author", "pk": 2, "fields": {"user": 2, "rating": -14}}, {"model": "news.author", "pk": 8, "fields": {"user": 10, "rating": 0}}, {"model": "news.author", "pk": 9, "fields": {"user": 11, "rating": 0}}, {"model": "news.category", "pk": 1, "fields": {"name": "Python"}}, {"model": "news.category", "pk": 2, "fields": {"name": "Django"}}, {"model": "news.category", "pk": 3, "fields": {"name": "SQL"}}, {"model": "news.category", "pk": 4, "fields": {"name": "Random"}}, {"model": "news.category", "pk": 5, "fields": {"name": "IT History"}}, {"model": "news.category", "pk": 6, "fields": {"name": "Tutorial"}}, {"model": "news.category", "pk": 7, "fields": {"name": "яндекс"}}, {"model": "news.category", "pk": 8, "fields": {"name": "криптовалюты"}}, {"model": "news.category", "pk": 9, "fields": {"name": "конвертер"}}, {"model": "news.category", "pk": 10, "fields": {"name": "active directory"}}, {"model": "news.category", "pk": 11, "fields": {"name": "pentest"}}, {"model": "news.category", "pk": 12, "fields": {"name": "информационная безопасность"}}, {"model": "news.category", "pk": 13, "fields": {"name": "windows"}}, {"model": "news.category", "pk": 14, "fields": {"name": "algorithms"}}, {"model": "news.category", "pk": 15, "fields": {"name": "loop"}}, {"model": "news.category", "pk": 16, "fields": {"name": "ocr"}}, {"model": "news.category", "pk": 17, "fields": {"name": "google"}}, {"model": "news.category", "pk": 18, "fields": {"name": "VR"}}, {"model": "news.category", "pk": 19, "fields": {"name": "startlink"}}, {"model": "news.category", "pk": 20, "fields": {"name": "games"}}, {"model": "news.category", "pk": 21, "fields": {"name": "steam"}}, {"model": "news.post", "pk": 1, "fields": {"type": "N", "created_on": "2023-02-05T15:04:37.754Z", "title": "Вышел Python 2.7.18, последний релиз ветки Python 2.x", "text": "20 апреля 2020 года, спустя почти десять лет после выхода Python 2.7, выпущен «на волю» Python версии 2.7.18. Это последний релиз ветки Python 2.x, поддерживаемый параллельно с веткой 3.x.\n\nСо вчерашнего дня и далее ветка Python 2.х обновляться больше не будет. Всем разработчикам и пользователям рекомендуется перейти на Python 3.\n\nPython 2.7 вышел 3 июля 2010, а релиз Python 3.0 состоялся 3 декабря 2008 года. Изначально в организации Python Software Foundation планировали, что ветка 3.х в течение 5 лет получит должное распространение. Но этого не произошло из-за продолжения поддержки версии 2.7 и отсутствия у разработчиков интереса к ветке Python 3, которая не содержала кардинальных прорывных улучшений.\n\nПоэтому автор языка и руководитель проекта внес изменения в регламент поддержки Python 2.7, продлив жизненный цикл ветки 2.х до 10 лет сделав «Extend Python 2.7 life till 2020», причем с пометкой: «There will be no Python 2.8».\n\nИ вот, это дата настала. История Python 2.х подошла к концу, хотя над устранением уязвимостей в Python 2.х будут продолжены работы, правда уже не разработчиками проекта CPython, а представителями сообществ, заинтересованными в продолжении поддержки данной ветки в своих продуктах, например, это будет делаться в Red Hat.", "rating": 3, "author": 1}}, {"model": "news.post", "pk": 2, "fields": {"type": "A", "created_on": "2023-02-05T15:12:14.951Z", "title": "Шесть Python-пакетов, которые рекомендуется использовать в каждом веб-приложении на Django", "text": "Есть бесчисленное множество Python-пакетов, которые легко добавить в любой проект. Но также есть несколько пакетов, которые вы просто не можете не использовать в любом веб-приложении на Django, потому что они зарекомендовали себя как чрезвычайно полезные и экономящие время.\n\n\nМы решили сосредоточиться на тех пакетах, которые в конечном итоге вы будете устанавливать регулярно, и рассказать об установке, а также конфигурациях, необходимых для их приведения в состояние готовности к работе.\n\n\nВ то время как некоторые Python-пакеты предлагают потрясающую функциональность, необходимую для конкретного проекта, пакеты, обсуждаемые ниже, — наиболее ходовые из Django-пакетов.\n\n\nВеб-фреймворк Django\n\nНо мы не можем перейти к Django-пакетам, не поговорив о веб-фреймворке Django.\nВеб-фреймворк состоит из модулей, или пакетов, которые позволяют разработчикам быстро писать веб-приложения без необходимости иметь дело с конкретными деталями протокола и с другими особенностями организации веб-приложения.\n\n\nDjango считается клиент-серверным (прим. пер.: full-stack) веб-фреймворком, в котором база данных, сервер приложения, шаблонизатор, модуль аутентификации и диспетчер аккуратно скомбинированы для создания фреймворка высокого уровня. Эти отдельные компоненты добавляются в момент установки пакета, и зачастую их нужно просто немного настроить, чтобы они правильно функционировали.", "rating": -6, "author": 2}}, {"model": "news.post", "pk": 3, "fields": {"type": "A", "created_on": "2023-02-05T15:14:24.272Z", "title": "Полное руководство: средства и способы миграции данных в Windows Azure SQL Database", "text": "В этом документе представлены рекомендации по миграции определений данных (схем) и данных в базу данных SQL Windows Azure. Эти рекомендации предназначены главным образом для однократного переноса с SQL Server в базу данных SQL. Сведения о совместном использовании данных и резервном копировании базы данных SQL см. в статье SQL Data Sync Overview (Обзор синхронизации данных SQL).\n\nФакторы, которые следует учесть при миграции\n\nMicrosoft Windows Azure предоставляет несколько вариантов хранения данных. Можно выбрать один или несколько вариантов для использования в проектах.\n\nБаза данных SQL Windows Azure является технологией SQL Server, предоставляемой в качестве службы на платформе Windows Azure. Облачные базы данных SQL предоставляют множество преимуществ, включая быструю подготовку, эффективную масштабируемость, высокую доступность и сокращение затрат на управление. База данных SQL поддерживает те же средства и методики разработки, которые используются для локальных приложений SQL Server. Поэтому большинство разработчиков сможет легко создавать облачные решения.\n\nДолгосрочная цель использования SQL Server и базы данных SQL — достижение симметричности и четности компонентов и возможностей. Однако в настоящее время при миграции баз данных в базу данных SQL и разработке решений для базы данных SQL необходимо учитывать особенности архитектуры и способов реализации.\n\nВначале необходимо изучить отличия между базой данных SQL и SQL Server, а также установить график миграции.", "rating": 4, "author": 1}}, {"model": "news.post", "pk": 4, "fields": {"type": "A", "created_on": "2023-02-15T07:31:38.876Z", "title": "Goldman Sachs несет миллиардные убытки из-за карточки Apple. Так ли это?", "text": "В этой небольшой статье я попытаюсь разобраться, что случилось на самом деле, и почему предлагаемая СМИ интерпретация ситуации наводит на ложные выводы.\r\n\r\nНебольшое вступление - как Goldman заходил в банковский ритейл.\r\nЕсли вы не очень понимаете, как связаны производитель Айфонов и финансовая организация, которую обвиняют во всех мыслимых бедах рода человеческого, то давайте расскажу небольшую предысторию.\r\n\r\nGoldman Sachs - поистине легендарный банк. По сути, это синоним инвестиционного банкинга. Пожалуй, именно с Голдманом ассоциируются выхолощенные надменные молодые люди, помогающие крупнейшим компаниям проворачивать многомиллиардные сделки и эффективно вкладывать колоссальный капитал.\r\n\r\nОднако до недавнего времени Goldman не был представлен в розничном банкинге. Голдманы не выпускали карточки, не выдавали кредиты и вообще не работали в банковском B2C.\r\n\r\nВ 2016 г. банк запустил свой первый проект в рознице - необанк Marcus, названный в честь основателя компании Маркуса Голдмана. Фишкой необанка была более высокая чем у большинства конкурентов доходность по депозитам. Достигалось она за счет проработанных стратегий вложения полученных средств - ведь что-что, а инвестировать бабки (особенно чужие) ребята из Голдмана умеют. А поверх депозитного \"конкурентного преимущества\" Marcus нанизал выпуск карточек, кредитные продукты и много что еще.\r\n\r\nОснователь Goldman Sachs Маркус Голдман. Иными словами, главный рептилойд с самой блестящей чушеей.\r\nОснователь Goldman Sachs Маркус Голдман. Иными словами, главный рептилойд с самой блестящей чушеей.\r\nMarcus был довольно успешным проектом - через три года работы в его портфеле было 80 млрд долл. депозитов американских вкладчиков.\r\n\r\nНо Голдманам хотелось большего, и в 2019 г. у них появилась эпическая возможность.\r\n\r\nКак Голдманам подвернулся под руку Apple\r\nКо второй половине десятых у руководства Apple окончательно закрепилось понимание, что они являются полноценной экосистемой. В ее центре - устройство, а поверх можно нанизывать кучу разных продуктов и сервисов, за счет чего дополнительно монетизировать свою лояльную (очень лояльную!) клиентскую базу.\r\n\r\nА как известно, у любой нормальной экосистемы должен быть свой финансовый продукт. Поэтому летом 2019 г. Apple решили запустить свою кредитную карту Apple Card. Ну, чтобы у их любимых-дорогих клиентов было еще меньше отмазок от покупки очередного Айфона, а капитализация не ограничивалась жалкими 2 триллионами долларов.\r\n\r\nНо Apple - не банк, поэтому технические вопросы решили доверить профессионалам с громким брендом - как раз-таки Goldman Sachs.\r\n\r\nЯблочные \"наполняли\" карту привилегиями - бесплатный выпуск и обслуживание, повышенная надежность и приватность в лучших традициях Apple (вы ведь помните их рекламу, где \"яблочко защелкивается на замок\"?) и, разумеется, автоматическая доступность карты в Apple Wallet (оттуда же можно быстро оформить виртуальную карту).\r\n\r\nGoldman же обеспечивал технические рельсы продукта по модели BaaS (banking-as-a-service) - предоставлял свои инструменты для формирования кредитных лимитов и управления ими, расчета балансов и вознаграждений, лицензированию нужных видов деятельности и т.д. А также, именно Голдман брал на себя обязательство по резервированию \"плохих\" долгов (это прошу запомнить, это самый важный для нас момент, ниже поговорим про него подробнее).\r\n\r\nВ итоге складывалось партнерство по типу win-win. Apple дополнял свою экосистему продвинутым финансовым продуктом и расширял платежеспособность своих клиентов. А Goldman получал лакомую возможность запустить лапу в платежеспособную клиентскую базу Яблочных. Ну и заодно круто увеличивал свой вес в розничном банкинге.", "rating": 0, "author": 2}}, {"model": "news.post", "pk": 5, "fields": {"type": "N", "created_on": "2023-02-15T07:34:03.592Z", "title": "Google начала развёртывать 5-гигабитный интернет в трёх городах США", "text": "Google в рамках проекта Fiber начала развёртывать 5-гигабитный интернет в трёх американских городах: Канзас-Сити, Западном Де-Мойне и Солт-Лейк-Сити. В конце прошлого года компания начала тестировать ограниченный доступ к 5-гигабитным и даже 8-гигабайтным пакетам Fiber для некоторых клиентов в этих регионах.\r\n\r\n\r\n5-гигабайтный пакет будет стоить $125 в месяц. Плата будет включать дополнительный маршрутизатор Wi-Fi 6, до двух устройств расширения покрытия сети и профессиональную установку. \r\n\r\nТакие компании, как Frontier и Optimum, уже предлагают пакеты интернета со скоростью 5 Гбит/с, но их услуги стоят дороже ($155 и $180 соответственно).\r\n\r\nТеперь Google обещает подключения со скоростью 8 Гбит/с. Они будут стоить $150.", "rating": 0, "author": 1}}, {"model": "news.post", "pk": 6, "fields": {"type": "N", "created_on": "2023-02-17T08:45:54.372Z", "title": "«Яндекс» показал конвертер криптовалют в «Поиске»", "text": "«Яндекс» обновил конвертер валют в «Поиске». Теперь помимо данных о классических денежных единицах разных стран пользователям доступна информация о 143 самых популярных криптоактивах, рассказали Хабру в компании.\r\n\r\nВиджет с графиком курса и инструментом для быстрой конвертации отображается над результатами поиска. Сервис понимает, что именно ищет человек, по текстовым запросам: например, «цена Dogecoin». При их обработке может учитываться сленг: «почём эфир» или «битки в турецкие лиры».\r\n\r\nСейчас можно узнать стоимость нужных токенов и коинов в рублях, долларах, евро и других валютах мира. В будущем их станет больше, появится конвертация одних криптоактивов в другие. Сведения о курсе «Яндекс» получает от CoinGecko, одного из крупнейших агрегаторов информации о цифровых валютах в интернете.\r\n\r\nПо данным «Яндекса», пятью самыми популярными криптовалютами по количеству запросов в 2022 году стали Bitcoin, Etherium, Litecoin, Dogecoin и Solana. В девяти случаях из десяти люди интересовались первыми двумя.", "rating": 0, "author": 1}}, {"model": "news.post", "pk": 7, "fields": {"type": "A", "created_on": "2023-02-17T14:45:54.315Z", "title": "Active Directory для изучения Pentest", "text": "Это первая статья цикла, который будет описывать методы исследования структур системы Windows и Active Directory. В статье попробуем изучить мини инфраструктуру AD и попытаемся понять как обнаруживаются логические уязвимости.\r\n\r\nВ сети достаточно много статей о том, что была найдена логическая уязвимость, которая позволяет выполнять повышение привилегий. Как происходит поиск и работа с такими уязвимостями?\r\n\r\nЧто такое AD и эскалация привелегий через ACL\r\nОперационная система Windows с точки зрения разганичения привилегий использует списки доступа или так называемые ACL листы. Каждый такой лист содержит информацию о том какие привилегии есть у пользователя или какие привилегии требует объект в операционной системе, чтобы можно было с ним взаимодействовать (читать, изменять и т.д.). Если привилегии для одной операционной системы могут быть сохранены в структурах самой операционной системы, то в случае если используется целая инфраструктура на базе ОС Windows, то для сохранения данных о доступе к объектам приходится вести базу данных.\r\n\r\nСвоеобразная \"база\" данных используется набором сервисов, который называется Active Directory. Как эти данные хранятся и как их читать? Нужно установить на любой Windows Server роль AD Services и заглянуть в оснастку ADSI - специальный инструмент для просмотра данных об объектах в хранилище active Directory. Его интерфейс выглядит вот так:", "rating": 0, "author": 2}}, {"model": "news.post", "pk": 9, "fields": {"type": "A", "created_on": "2023-02-19T11:54:32.066Z", "title": "5 простых способов выйти из вложенных циклов в Python", "text": "Python - элегантный язык программирования. Но у него есть слабые стороны. Иногда Python не так элегантен, как должен быть.\r\n\r\nНапример, когда нам нужно выйти из вложенных циклов:\r\n\r\nfor a in list_a:\r\n    for b in list_b:\r\n        if condition(a,b):\r\n            break\r\nbreak может помочь выйти только из внутреннего цикла. Можем ли мы напрямую выйти из двух вложенных циклов одновременно? Есть ли в Python какие-то встроенные ключевые слова или приемы для этого?\r\n\r\nК сожалению, встроенная поддержка этой операции отсутствует.", "rating": 0, "author": 1}}, {"model": "news.post", "pk": 10, "fields": {"type": "A", "created_on": "2023-02-19T11:55:44.200Z", "title": "Как я делаю OCR", "text": "Привет меня зовут Игорь, в свободное от основной профессии время я интересуюсь машинным обучением и занимаюсь разработкой OCR для мобильных устройств.\r\n\r\nСовременные решения OCR насколько мне известно в большинстве случаев состоят из двух компонентов, детектирование текста и последующее распознавание.\r\n\r\nДля обучения требуется много качественно размеченных данных, и в случае с детектированием текста это настоящая проблема, найти в открытом доступе большой качественный датасет очень сложно.\r\n\r\nДля решения проблемы я написал собственную программу для разметки данных.\r\n\r\nРабота в программе должна быть проста предельно проста и эффективна, увеличение и уменьшение изображения, перетаскивание, создание и удаление объектов, разметка происходит только с помощью мышки.", "rating": 0, "author": 1}}, {"model": "news.post", "pk": 11, "fields": {"type": "N", "created_on": "2023-02-19T11:57:08.311Z", "title": "Google Meet запустил 360-градусный виртуальный фон для видеозвонков", "text": "Сервис видеоконференций Google Meet объявил о запуске 360-градусных виртуальных фонов для видеозвонков на мобильных устройствах. Функция задействует гироскоп смартфона, чтобы отслеживать перемещения пользователей.\r\nФон будет меняться при перемещении устройства влево или вправо. Пока доступны несколько разных опций, в том числе с изображением пляжа и с храмом. \r\n\r\nВ прошлом месяце Google начала внедрять в Meet реакции-эмодзи, в том числе обозначающие одобрение, радость, удивление и т.д.\r\n\r\nОсенью 2022 года в Meet добавили функцию автоматической расшифровки английской речи. В 2023 году должна появиться поддержка французского, немецкого, испанского и португальского языков.", "rating": 0, "author": 2}}, {"model": "news.post", "pk": 12, "fields": {"type": "N", "created_on": "2023-02-19T11:58:14.413Z", "title": "Starlink начала тестировать интернет-сервис «Глобальный роуминг» за $200 в месяц", "text": "Starlink уведомила некоторых пользователей о запуске тестирования нового спутникового интернет-сервиса, который будет работать «практически из любой точки мира». Услуга глобального роуминга будет стоить $200 в месяц, не считая покупки базового комплекта Starlink за $599.\r\n\r\nДля работы новой услуги будут использоваться «межспутниковые каналы связи Starlink (космические лазеры)». \r\n\r\nВ Starlink отметили, что глобальный роуминг не будет работать идеально — иногда соединение будет плохим, а иногда оно будет и вовсе недоступным. Однако компания обещает со временем улучшить работу услуги. \r\n\r\nStarlink ожидает одобрения на свои услуги у регулирующих органов в различных странах, включая Индию, Пакистан и Камбоджу. Кроме того, компания не собирается развёртывать свой интернет в отдельных регионах. При этом она предлагает услугу глобального роуминга некоторым пользователям за пределами зоны покрытия, например, в Гренландии.\r\n\r\nСуществующий план Starlink RV за $135 в месяц позволяет пользователям подключаться к интернету во время путешествий. Но он доступен только в определенных частях земного шара, а сам доступ не имеет приоритета, как для бытовых клиентов, что приводит к снижению скорости. Существует также специальный план стоимостью $5000 в месяц для пользователей, которым нужен доступ в интернет в море.\r\n\r\nПока неясно, предоставит ли Starlink приоритетный доступ пользователям, которые подключат глобальный роуминг.\r\n\r\nВ середине 2023 года компания начнёт продавать терминалы Aviation для широкополосного доступа в интернет с самолётов. Латвийская авиакомпания AirBaltic сообщила, что оборудует весь свой авиапарк системой Starlink.", "rating": 0, "author": 2}}, {"model": "news.post", "pk": 13, "fields": {"type": "N", "created_on": "2023-02-19T12:02:38.850Z", "title": "В открытый доступ попала, якобы, версия игры Atomic Heart для разработчиков на ПК с доступным дебаг-меню", "text": "В открытый доступ выложена, якобы, версия игры Atomic Heart на ПК для разработчиков с доступным дебаг-меню. Создатели из Mundfish ранее заявляли, что у тайтла стоит DRM-защита от Denuvo.\r\n\r\nНе рекомендуется качать этот торрент, разве что для ознакомления и просмотра видеороликов, которые там есть в архиве.\r\n\r\nПрофильные эксперты пояснили, что билд не особо свежий, большая часть файлов там датирована ноябрём 2022 года, в утечке не устранены проблемы и ошибки, которые исправлены в релизной версии. Также запустить недоделанную версию игры на некоторых сборках ПК не получается из-за разных ошибок. Этот билд с прошлогодней презентации. Новую игру начать нельзя, но можно запустить любой уровень, причём без оружия и перчатки.", "rating": 0, "author": 2}}, {"model": "news.post", "pk": 26, "fields": {"type": "N", "created_on": "2023-03-02T15:34:43.752Z", "title": "Выпущено еще одно дополнение управления доступом на уровне строк для Django REST Framework", "text": "Вышел пакет Django-REST-Access для подключения пакета Django-Access в качестве бакенда динамического управления доступом на уровне объектов (строк) и фильтрации видимых объектов в Django REST Framework.\r\n\r\n\r\nDjango REST Framework — популярный расширяемый пакет конструирования HTTP API на основе проектов Django.\r\n\r\n\r\nDjango-Access — гибкий пакет динамического управления правами на уровне объектов (строк).\r\n\r\nТеги: djangodrfdjango-rest-frameworkhttp-apipermissionsguardaccessdjango-accessauthorizationrow-levelobject-levelevaluation-based", "rating": 0, "author": 9}}, {"model": "news.post", "pk": 27, "fields": {"type": "N", "created_on": "2023-03-02T15:38:33.528Z", "title": "Разработчики Django исправили уязвимость, которая может привести к подстановке стороннего SQL-кода", "text": "Разработчики опубликовали корректирующие выпуски фреймворка Django 4.0.6 и 3.2.14, в которых устранили уязвимость CVE-2022-34265. Она потенциально позволяла выполнить подстановку своего SQL-кода. \r\n\r\nПотенциальная уязвимость SQL Injection существовала в основной ветке Django, а также в версиях 4.1 (в настоящее время в бета-версии), 4.0 и 3.2. Проблема затрагивала приложения, использующие непроверенные внешние данные в параметрах kind и lookup_name, передаваемых в функции Trunc(kind) и Extract(lookup_name). Тех программ, которые допускают только проверенные данные в значениях lookup_name и kind, она не касалась.\r\n\r\nРазработчики запретили использовать в аргументах функций Extract и Trunc символы, отличные от букв, цифр, \"-\", \"_\", \"(\" и \")\". Ранее в передаваемых значениях не вырезалась одинарная кавычка, и это позволяло выполнить свои SQL-конструкции через передачу значений вида \"day' FROM start_datetime)) OR 1=1;--\" и \"year', start_datetime)) OR 1=1;--\". \r\n\r\nВ выпуске 4.1 разработчики дополнительно усилят защиту методов извлечения и усечения дат. Однако изменения в API приведут к нарушению совместимости со сторонними бэкендами для работы с базами данных.", "rating": 0, "author": 9}}, {"model": "news.post", "pk": 33, "fields": {"type": "N", "created_on": "2023-03-03T07:27:10.347Z", "title": "Django 3.0 будет асинхронным", "text": "Andrew Godwin опубликовал DEP 0009: Async-capable Django 9 мая, а 21 июля он был принят техническим советом Django, так что можно надеяться, что к выходу Django 3.0 успеют сделать что-нибудь интересное. Он уже упоминался где-то в комментариях Хабра, но я решил донести эту новость до более широкой аудитории путём его перевода — в первую очередь для тех, кто, как и я, не особо следит за новостями Django.\r\n\r\n\r\nI'm pleased to announce that the Django Technical Board has approved DEP 0009 (Async in Django)! https://t.co/yaaR0Mjg61\r\n\r\n— Andrew Godwin (@andrewgodwin) July 21, 2019\r\n\r\nАсинхронный Python разрабатывался много лет, и в экосистеме Django мы экспериментировали с ним в Channels с ориентацией в первую очередь на поддержку вебсокетов.\r\n\r\n\r\nПо мере развития экосистемы стало очевидно, что, хотя нет насущной необходимости расширять Django для поддержки отличных от HTTP протоколов, таких как вебсокеты, поддержка асинхронности даст много преимуществ для традиционной model-view-template структуры Django.\r\n\r\n\r\nПреимущества описаны в разделе «Мотивация» ниже, но общий вывод, к которому я пришёл, заключается в том, что мы получим так много от асинхронного Django, что это стоит того большого труда, который потребуется. Я также считаю, что очень важно делать изменения итеративным, поддерживаемым сообществом путём, который не будет зависеть от одного-двух старых контрибьюторов, которые могут выгореть.", "rating": 0, "author": 9}}, {"model": "news.post", "pk": 34, "fields": {"type": "A", "created_on": "2023-03-03T07:33:04.488Z", "title": "Знакомство с Velociraptor", "text": "Если такие понятия как DFIR, Threat Hunting, Security Monitoring, для вас не пустой звук, то эта статья будет вам интересна. Я расскажу про утилиту Velociraptor, которая часто помогает мне в работе. К моему удивлению, на Habr даже нет упоминания про нее, попробую это исправить. \r\n\r\nVelociraptor(github, docs) - согласно официальной документации это утилита для выполнения Digital Forensics and Incident Response (DFIR) задач. Но из практики можно сказать, что это настоящий швейцарский нож для сбора и анализа информации с конечных устройств (серверов и рабочих станций). \r\n\r\nТехнические особенности\r\nПрежде чем демонстрировать возможности этой программы, думаю, будет правильно упомянуть про основные технические особенности, чтобы у вас сложилось общее представление.\r\n\r\nОбычно Velociraptor используется в клиент-серверной архитектуре, но также может быть использован в качестве offline коллектора с заранее определенной задачей по сбору данных с устройства.\r\n\r\nПрограмма написана на Golang и работает на всех платформах поддерживаемых Go. На github, релизы выходят для Windows, Linux, Darwin(MacOS), FreeBSD.\r\n\r\nКлиентская и серверная часть это один и тот же бинарный файл без внешних зависимостей. Запуск бинарного файла с разными конфигурационными файлами делает его или сервером или клиентом. Текущий размер бинарника ~ 50 MB.\r\n\r\nКлючевым элементом вокруг которого построена вся утилита является встроенный язык запросов VQL(Velociraptor Query Language). Да-да, ещё один язык запросов, но не спешите закрывать эту статью, вероятно, вам будет достаточно функционала который уже сеть в Velociraptor и создавать что-то вручную не будет необходимости, хотя бы на первых порах.\r\n\r\nПри клиент-серверной архитектуре сервер посылает задания клиентам. То есть клиенты выполняют вычисления и возвращают результаты. Таким образом вычисления происходят распределенным образом.\r\n\r\nИспользование CPU и оперативной памяти при выполнении задач клиентом, возможно контролировать с сервера. Такой подход помогает избежать избыточной нагрузки на клиентах.", "rating": 0, "author": 9}}, {"model": "news.post", "pk": 37, "fields": {"type": "N", "created_on": "2023-03-03T08:21:52.272Z", "title": "Боевой прокси-сервер Squid 5.2 с нуля ч.3", "text": "Настройка доступов и скоростей\r\nТеперь мы настроим доступы по группам. Например, у нас есть категории:\r\n\r\n«Администрация» — предоставим полный доступ на все сайты, на максимальной для их категории скорости.\r\n\r\n«Отдел продаж» — доступ в интернет и на площадки маркетплейсов со средней скоростью, запрет на доступ к социальным сетям.\r\n\r\n«Остальные пользователи» — доступ в интернет, с запретом на соц.сети и маркетплейсы, с минимальной скоростью.\r\n\r\nИтого у нас будут 3 группы скоростей. Maximum, Medium, Minimum\r\n\r\nДля каждой категории пользователей в Active Directory созданы группы:\r\n\r\nadministration\r\n\r\nsales_dep\r\n\r\nothers\r\n\r\nТакже и для скоростей:\r\n\r\nmaximum\r\n\r\nmedium\r\n\r\nminimum\r\n\r\nГруппы с доступами к интернет ресурсам:\r\n\r\nsocial_net\r\n\r\nshops", "rating": 0, "author": 9}}, {"model": "news.post", "pk": 38, "fields": {"type": "N", "created_on": "2023-03-03T08:52:36.402Z", "title": "Ford создаст новое подразделение для разработки автопилота третьего уровня", "text": "Автопроизводитель Ford объявил о создании новой дочерней компании под названием Latitude AI, которая будет работать над системой вождения без помощи рук. \r\n\r\nКомпания уже наняла около 550 сотрудников из Argo AI, оператора автономных транспортных средств, который закрылся в прошлом году из-за финансовых проблем. Разработки Argo использовались в беспилотных автомобилях Ford Fusion и Ford Escape Hybrids.\r\n\r\nLatitude AI будет базироваться в Питтсбурге, где ранее располагалась штаб-квартира Argo AI. Дополнительные инженерные центры будут созданы в Дирборне (Мичиган) и Пало-Альто (Калифорния). Компания также будет управлять испытательным полигоном для скоростных автомагистралей в Гринвилле (Южная Каролина). \r\n\r\nFord назначит своего исполнительного директора по технологиям ADAS Сэмми Омари на должность генерального директора Latitude AI, а Питера Кар — на должность главного технического директора. \r\n\r\nКомпания сосредоточится на усовершенствовании системы помощи водителю BlueCruise. Это система второго уровня — в ней автопилот управляет основными функциями, такими как ускорение и торможение автомобиля, а также выбором и сменой полос движения. Однако даже в эти моменты водители должны следить за дорогой и быть готовыми взять управление на себя. По итогам 2022 года система заняла первое место в рейтинге Consumer Reports.\r\n\r\nКогда закрылась Argo AI, Ford заявил, что сосредоточится на технологиях второго и третьего уровней вместо четвёртого. \r\n\r\n«Мы с оптимизмом смотрим в будущее ADAS четвёртого уровня, но до появления прибыльных и полностью автономных транспортных средств в больших масштабах ещё долго, и нам не обязательно придётся создавать эту технологию самим», — сказал генеральный директор Ford Джим Фарли.\r\n\r\nFord — не единственный автопроизводитель, делающий большие ставки на технологии помощи водителю. Jaguar Land Rover и Volvo вкладывают значительные средства в улучшение функций автономного вождения, которые включают использование лидарных лазерных датчиков дальнего действия для улучшения способности автомобиля обнаруживать объекты. А General Motors заявила, что её система Ultra Cruise будет работать в 95% сценариев вождения.\r\n\r\nМежду тем Mercedes‑Benz получила одобрение регулятора США на использование системы автономного вождения третьего уровня Drive Pilot на дорогах общего пользования. А стартап беспилотных такси Zoox, который принадлежит Amazon, тестирует свой транспорт без руля с пассажирами.", "rating": 0, "author": 9}}, {"model": "news.post", "pk": 39, "fields": {"type": "N", "created_on": "2023-03-03T13:28:24.607Z", "title": "ТОП-3 ИБ-событий недели по версии Jet CSIRT", "text": "Новый бэкдор MQsTTang от Mustang Panda\r\n\r\nИсследователи ESET проанализировали MQsTTang — новый специальный бэкдор, который приписывается APT-группе Mustang Panda. Утилита позволяет злоумышленнику выполнять произвольные команды на машине жертвы. Одной из его характеристик является использование протокола MQTT для связи с C&C. MQTT обычно применяется для связи между IoT-устройствами и контроллерами, и этот протокол не использовался во многих общедоступных семействах вредоносных программ.\r\n\r\nMQsTTang распространяется в архивах RAR, которые содержат только один исполняемый файл. Название этих файлов — исполняемые файлы — позволяет предположить, что вредоносное ПО распространяется с помощью целевого фишинга.\r\n\r\nВ отчете ESET представлен технический разбор встроенного программного обеспечения на стадиях взаимодействия с C&C (Command and Control Server), копирования и записи своих фрагментов на жестком диске и закрепления в системе.", "rating": 0, "author": 9}}, {"model": "news.post", "pk": 40, "fields": {"type": "N", "created_on": "2023-03-03T13:30:17.939Z", "title": "The Guardian: представители Gen Z с трудом осваивают офисную технику", "text": "У молодых сотрудников, относящихся к Gen Z (люди, родившиеся с 1997 по 2012 год), часто бывают проблемы в работе с офисной техникой. После интуитивно понятных мобильных приложений и социальных сетей им трудно освоить принтеры и сканеры, пишет газета The Guardian.\r\n\r\n«Существует миф о том, что если дети родились в век информации, то все технические умения приходят к ним интуитивно, — отмечает Сара Декстер, доцент педагогики Виргинского университета. — Но это нереально. Откуда им знать, как что-то сканировать, если их этому никогда не учили?»\r\n\r\nЧтобы научиться пользоваться TikTok, требуется пять секунд. Для него не нужна инструкция, в отличие от принтера, и даже ПК намного менее интуитивны, пишет The Guardian. Не все молодые сотрудники знают, какую кнопку нажать, чтобы включить монитор, учитывая, что личные ноутбуки они просто закрывают, закончив работать. Так, один из пользователей Reddit приклеил к кнопке питания монитора на работе опознавательный ярлычок, чтобы его младшие коллеги перестали путаться.", "rating": 0, "author": 9}}, {"model": "news.post", "pk": 41, "fields": {"type": "N", "created_on": "2023-03-03T13:39:33.912Z", "title": "Тест", "text": "Это тест Это тест Это тест Это тест Это Это тест Это тест Это тест Это тест Это тест Это тест Это тест Это тест Это тест", "rating": 0, "author": 9}}, {"model": "news.post", "pk": 42, "fields": {"type": "N", "created_on": "2023-03-03T13:44:08.930Z", "title": "Lorem Impsum", "text": "Lorem Ipsum is simply dummy text of the printing and typesetting industry. Lorem Ipsum has been the industry's standard dummy text ever since the 1500s, when an unknown printer took a galley of type and scrambled it to make a type specimen book. It has survived not only five centuries, but also the leap into electronic typesetting, remaining essentially unchanged. It was popularised in the 1960s with the release of Letraset sheets containing Lorem Ipsum passages, and more recently with desktop publishing software like Aldus PageMaker including versions of Lorem Ipsum.", "rating": 0, "author": 9}}, {"model": "news.post", "pk": 43, "fields": {"type": "N", "created_on": "2023-03-03T14:37:53.018Z", "title": "Что такое Lorem Ipsum?", "text": "Lorem Ipsum - это текст-\"рыба\", часто используемый в печати и вэб-дизайне. Lorem Ipsum является стандартной \"рыбой\" для текстов на латинице с начала XVI века. В то время некий безымянный печатник создал большую коллекцию размеров и форм шрифтов, используя Lorem Ipsum для распечатки образцов. Lorem Ipsum не только успешно пережил без заметных изменений пять веков, но и перешагнул в электронный дизайн. Его популяризации в новое время послужили публикация листов Letraset с образцами Lorem Ipsum в 60-х годах и, в более недавнее время, программы электронной вёрстки типа Aldus PageMaker, в шаблонах которых используется Lorem Ipsum.", "rating": 0, "author": 9}}, {"model": "news.post", "pk": 44, "fields": {"type": "N", "created_on": "2023-03-03T14:39:00.001Z", "title": "Что такое Lorem Ipsum?", "text": "Lorem Ipsum - это текст-\"рыба\", часто используемый в печати и вэб-дизайне. Lorem Ipsum является стандартной \"рыбой\" для текстов на латинице с начала XVI века. В то время некий безымянный печатник создал большую коллекцию размеров и форм шрифтов, используя Lorem Ipsum для распечатки образцов. Lorem Ipsum не только успешно пережил без заметных изменений пять веков, но и перешагнул в электронный дизайн. Его популяризации в новое время послужили публикация листов Letraset с образцами Lorem Ipsum в 60-х годах и, в более недавнее время, программы электронной вёрстки типа Aldus PageMaker, в шаблонах которых используется Lorem Ipsum.", "rating": 0, "author": 9}}, {"model": "news.post", "pk": 45, "fields": {"type": "N", "created_on": "2023-03-03T14:39:33.307Z", "title": "Что такое Lorem Ipsum?", "text": "Lorem Ipsum - это текст-\"рыба\", часто используемый в печати и вэб-дизайне. Lorem Ipsum является стандартной \"рыбой\" для текстов на латинице с начала XVI века. В то время некий безымянный печатник создал большую коллекцию размеров и форм шрифтов, используя Lorem Ipsum для распечатки образцов. Lorem Ipsum не только успешно пережил без заметных изменений пять веков, но и перешагнул в электронный дизайн. Его популяризации в новое время послужили публикация листов Letraset с образцами Lorem Ipsum в 60-х годах и, в более недавнее время, программы электронной вёрстки типа Aldus PageMaker, в шаблонах которых используется Lorem Ipsum.", "rating": 0, "author": 9}}, {"model": "news.post", "pk": 46, "fields": {"type": "N", "created_on": "2023-03-03T14:40:01.224Z", "title": "Test test test", "text": "Lorem Ipsum - это текст-\"рыба\", часто используемый в печати и вэб-дизайне. Lorem Ipsum является стандартной \"рыбой\" для текстов на латинице с начала XVI века. В то время некий безымянный печатник создал большую коллекцию размеров и форм шрифтов, используя Lorem Ipsum для распечатки образцов. Lorem Ipsum не только успешно пережил без заметных изменений пять веков, но и перешагнул в электронный дизайн. Его популяризации в новое время послужили публикация листов Letraset с образцами Lorem Ipsum в 60-х годах и, в более недавнее время, программы электронной вёрстки типа Aldus PageMaker, в шаблонах которых используется Lorem Ipsum.", "rating": 0, "author": 9}}, {"model": "news.post", "pk": 47, "fields": {"type": "A", "created_on": "2023-03-03T15:17:06.695Z", "title": "Test article", "text": "This is a test article \r\nКак и любая другая индустрия, сфера компьютерных технологий прошла внушительный путь развития. Благодаря упорной работе программистов прошлого сегодня мы пользуемся высококлассными компьютерами, высококачественными современными графическими интерфейсами, дружелюбными языками программирования и футуристическими веб-приложениями в реальном времени. Изучение истории приносит удовольствие — весьма интересно наблюдать за поступательным развитием технологий с течением времени. Только подумайте, скольких трудов стоило создать современный самолет — люди прошли огромный путь от одной лишь идеи полета до настоящих летательных аппаратов. Точно так же компьютеры прошли путь от дорогостоящих машин размером с целую комнату до современных и (относительно) недорогих устройств общего назначения.", "rating": 0, "author": 9}}, {"model": "news.post", "pk": 50, "fields": {"type": "N", "created_on": "2023-03-04T13:13:27.646Z", "title": "Testing signals", "text": "Testing signals Testing signals Testing signals Testing signals Testing signals Testing signals Testing signals Testing signals Testing signals", "rating": 0, "author": 9}}, {"model": "news.post", "pk": 51, "fields": {"type": "N", "created_on": "2023-03-04T13:14:17.176Z", "title": "Testing signals", "text": "Testing signals Testing signals Testing signals Testing signals Testing signals Testing signals Testing signals Testing signals Testing signals", "rating": 0, "author": 9}}, {"model": "news.post", "pk": 52, "fields": {"type": "N", "created_on": "2023-03-04T13:14:40.859Z", "title": "Testing signals", "text": "Testing signals Testing signals Testing signals Testing signals Testing signals Testing signals Testing signals Testing signals Testing signals", "rating": 0, "author": 9}}, {"model": "news.post", "pk": 53, "fields": {"type": "N", "created_on": "2023-03-04T13:15:29.503Z", "title": "Testing signals", "text": "Testing signals Testing signals Testing signals Testing signals Testing signals Testing signals Testing signals Testing signals Testing signals", "rating": 0, "author": 9}}, {"model": "news.post", "pk": 54, "fields": {"type": "N", "created_on": "2023-03-04T13:15:40.250Z", "title": "Testing signals", "text": "Testing signals Testing signals Testing signals Testing signals Testing signals Testing signals Testing signals Testing signals Testing signals", "rating": 0, "author": 9}}, {"model": "news.post", "pk": 55, "fields": {"type": "N", "created_on": "2023-03-04T13:16:02.837Z", "title": "Testing signals", "text": "Testing signals Testing signals Testing signals Testing signals Testing signals Testing signals Testing signals Testing signals Testing signals", "rating": 0, "author": 9}}, {"model": "news.post", "pk": 56, "fields": {"type": "N", "created_on": "2023-03-04T13:16:40.795Z", "title": "Testing signals", "text": "Testing signals Testing signals Testing signals Testing signals Testing signals Testing signals Testing signals Testing signals Testing signals", "rating": 0, "author": 9}}, {"model": "news.post", "pk": 57, "fields": {"type": "N", "created_on": "2023-03-04T13:17:47.191Z", "title": "Testing signals", "text": "Testing signals Testing signals Testing signals Testing signals Testing signals Testing signals Testing signals Testing signals Testing signals", "rating": 0, "author": 9}}, {"model": "news.post", "pk": 58, "fields": {"type": "N", "created_on": "2023-03-04T13:18:45.788Z", "title": "Testing signals", "text": "Testing signals Testing signals Testing signals Testing signals Testing signals Testing signals Testing signals Testing signals Testing signals", "rating": 0, "author": 9}}, {"model": "news.post", "pk": 59, "fields": {"type": "N", "created_on": "2023-03-04T13:19:09.235Z", "title": "Testing signals", "text": "Testing signals Testing signals Testing signals Testing signals Testing signals Testing signals Testing signals Testing signals Testing signals", "rating": 0, "author": 9}}, {"model": "news.post", "pk": 60, "fields": {"type": "N", "created_on": "2023-03-04T13:19:45.279Z", "title": "Testing signals", "text": "Testing signals Testing signals Testing signals Testing signals Testing signals Testing signals Testing signals Testing signals Testing signals", "rating": 0, "author": 9}}, {"model": "news.post", "pk": 61, "fields": {"type": "N", "created_on": "2023-03-04T13:20:01.129Z", "title": "Testing signals", "text": "Testing signals Testing signals Testing signals Testing signals Testing signals Testing signals Testing signals Testing signals Testing signals", "rating": 0, "author": 9}}, {"model": "news.post", "pk": 62, "fields": {"type": "N", "created_on": "2023-03-04T13:34:21.354Z", "title": "Another signal test", "text": "Another signal testAnother signal testAnother signal testAnother signal testAnother signal testAnother signal testAnother signal test", "rating": 0, "author": 9}}, {"model": "news.post", "pk": 63, "fields": {"type": "N", "created_on": "2023-03-04T13:37:14.471Z", "title": "Another signal test", "text": "Another signal testAnother signal testAnother signal testAnother signal testAnother signal testAnother signal testAnother signal test", "rating": 0, "author": 9}}, {"model": "news.post", "pk": 64, "fields": {"type": "N", "created_on": "2023-03-04T13:40:07.918Z", "title": "Another signal test", "text": "Another signal testAnother signal testAnother signal testAnother signal testAnother signal testAnother signal testAnother signal test", "rating": 0, "author": 9}}, {"model": "news.post", "pk": 65, "fields": {"type": "N", "created_on": "2023-03-04T13:47:27.467Z", "title": "Another signal test", "text": "Another signal testAnother signal testAnother signal testAnother signal testAnother signal testAnother signal testAnother signal test", "rating": 0, "author": 9}}, {"model": "news.post", "pk": 66, "fields": {"type": "N", "created_on": "2023-03-04T13:47:52.206Z", "title": "Another signal test", "text": "Another signal testAnother signal testAnother signal testAnother signal testAnother signal testAnother signal testAnother signal test", "rating": 0, "author": 9}}, {"model": "news.post", "pk": 67, "fields": {"type": "N", "created_on": "2023-03-04T13:48:11.503Z", "title": "Another signal test", "text": "Another signal testAnother signal testAnother signal testAnother signal testAnother signal testAnother signal testAnother signal test", "rating": 0, "author": 9}}, {"model": "news.post", "pk": 68, "fields": {"type": "N", "created_on": "2023-03-04T13:49:24.470Z", "title": "Another signal test", "text": "Another signal testAnother signal testAnother signal testAnother signal testAnother signal testAnother signal testAnother signal test", "rating": 0, "author": 9}}, {"model": "news.post", "pk": 69, "fields": {"type": "N", "created_on": "2023-03-04T14:20:57.408Z", "title": "Another signal test", "text": "Another signal testAnother signal testAnother signal testAnother signal testAnother signal testAnother signal testAnother signal testAnother signal testAnother signal testAnother signal test", "rating": 0, "author": 9}}, {"model": "news.post", "pk": 70, "fields": {"type": "N", "created_on": "2023-03-04T14:22:03.212Z", "title": "Another signal test", "text": "Another signal testAnother signal testAnother signal testAnother signal testAnother signal testAnother signal testAnother signal testAnother signal testAnother signal testAnother signal test", "rating": 0, "author": 9}}, {"model": "news.post", "pk": 71, "fields": {"type": "N", "created_on": "2023-03-04T15:30:48.401Z", "title": "test signals test", "text": "test signals testtest signals testtest signals testtest signals testtest signals testtest signals testtest signals testtest signals testtest signals testtest signals test", "rating": 0, "author": 9}}, {"model": "news.post", "pk": 72, "fields": {"type": "N", "created_on": "2023-03-04T15:31:56.195Z", "title": "test signals test", "text": "test signals testtest signals testtest signals testtest signals testtest signals testtest signals testtest signals testtest signals testtest signals testtest signals test", "rating": 0, "author": 9}}, {"model": "news.post", "pk": 73, "fields": {"type": "N", "created_on": "2023-03-04T15:36:51.288Z", "title": "test signals test", "text": "test signals testtest signals testtest signals testtest signals testtest signals testtest signals testtest signals testtest signals testtest signals testtest signals test", "rating": 0, "author": 9}}, {"model": "news.post", "pk": 74, "fields": {"type": "N", "created_on": "2023-03-04T15:40:04.302Z", "title": "test signals test", "text": "test signals testtest signals testtest signals testtest signals testtest signals testtest signals testtest signals testtest signals testtest signals testtest signals test", "rating": 0, "author": 9}}, {"model": "news.post", "pk": 75, "fields": {"type": "N", "created_on": "2023-03-04T15:41:20.763Z", "title": "test m2m", "text": "test m2m test m2m test m2m test m2m test m2m test m2m test m2m test m2m", "rating": 0, "author": 9}}, {"model": "news.post", "pk": 76, "fields": {"type": "N", "created_on": "2023-03-04T15:41:46.053Z", "title": "test m2m", "text": "test m2m test m2m test m2m test m2m test m2m test m2m test m2m test m2m", "rating": 0, "author": 9}}, {"model": "news.post", "pk": 77, "fields": {"type": "N", "created_on": "2023-03-04T15:42:33.654Z", "title": "test m2m", "text": "test m2m test m2m test m2m test m2m test m2m test m2m test m2m test m2m", "rating": 0, "author": 9}}, {"model": "news.post", "pk": 78, "fields": {"type": "N", "created_on": "2023-03-04T15:43:47.481Z", "title": "test m2m", "text": "test m2m test m2m test m2m test m2m test m2m test m2m test m2m test m2m", "rating": 0, "author": 9}}, {"model": "news.post", "pk": 79, "fields": {"type": "A", "created_on": "2023-03-04T15:55:48.440Z", "title": "Статья про m2m_changed тест", "text": "Статья про m2m_changed тестСтатья про m2m_changed тестСтатья про m2m_changed тестСтатья про m2m_changed тестСтатья про m2m_changed тестСтатья про m2m_changed тестСтатья про m2m_changed тест", "rating": 0, "author": 9}}, {"model": "news.post", "pk": 80, "fields": {"type": "N", "created_on": "2023-03-05T11:34:35.411Z", "title": "How many posts have I created today", "text": "How many posts have I created todayHow many posts have I created todayHow many posts have I created todayHow many posts have I created todayHow many posts have I created today", "rating": 0, "author": 9}}, {"model": "news.post", "pk": 87, "fields": {"type": "N", "created_on": "2023-03-05T12:31:12.741Z", "title": "Сейчас новость создам", "text": "Сейчас новость создамСейчас новость создамСейчас новость создамСейчас новость создамСейчас новость создамСейчас новость создам", "rating": 0, "author": 9}}, {"model": "news.post", "pk": 88, "fields": {"type": "N", "created_on": "2023-03-05T12:31:26.649Z", "title": "Еще новость создам", "text": "Сейчас новость создамСейчас новость создамСейчас новость создамСейчас новость создамСейчас новость создамСейчас новость создам", "rating": 0, "author": 9}}, {"model": "news.post", "pk": 97, "fields": {"type": "A", "created_on": "2023-03-05T14:13:08.221Z", "title": "Article email test", "text": "Article email test Article email test Article email test Article email test Article email test Article email test", "rating": 0, "author": 8}}, {"model": "news.post", "pk": 98, "fields": {"type": "A", "created_on": "2023-03-05T14:20:47.495Z", "title": "Article email test", "text": "Article email test Article email test Article email test Article email test Article email test Article email test", "rating": 0, "author": 8}}, {"model": "news.post", "pk": 99, "fields": {"type": "A", "created_on": "2023-03-05T14:24:37.014Z", "title": "Article email test", "text": "Article email test Article email test Article email test Article email test Article email test Article email test", "rating": 0, "author": 8}}, {"model": "news.post", "pk": 100, "fields": {"type": "A", "created_on": "2023-03-06T08:15:58.057Z", "title": "Doman test", "text": "Doman test Doman test Doman test Doman test Doman test Doman test", "rating": 0, "author": 8}}, {"model": "news.post", "pk": 101, "fields": {"type": "A", "created_on": "2023-03-06T08:30:53.434Z", "title": "Doman test", "text": "Doman test Doman test Doman test Doman test Doman test Doman test", "rating": 0, "author": 8}}, {"model": "news.post", "pk": 102, "fields": {"type": "A", "created_on": "2023-03-06T08:40:42.335Z", "title": "Doman test", "text": "Doman test Doman test Doman test Doman test Doman test Doman test", "rating": 0, "author": 8}}, {"model": "news.post", "pk": 103, "fields": {"type": "N", "created_on": "2023-03-07T07:10:39.885Z", "title": "Testing games category", "text": "Testing games category subscription Testing games category subscriptionTesting games category subscriptionTesting games category subscriptionTesting games category subscription", "rating": 0, "author": 8}}, {"model": "news.post", "pk": 104, "fields": {"type": "N", "created_on": "2023-03-10T08:52:45.577Z", "title": "Testing celery configuration", "text": "Testing celery configurationTesting celery configurationTesting celery configurationTesting celery configurationTesting celery configurationTesting celery configuration", "rating": 0, "author": 8}}, {"model": "news.post", "pk": 105, "fields": {"type": "N", "created_on": "2023-03-10T09:05:42.895Z", "title": "Testing celery email task", "text": "Testing celery email taskTesting celery email taskTesting celery email taskTesting celery email taskTesting celery email taskTesting celery email taskTesting celery email task", "rating": 0, "author": 8}}, {"model": "news.post", "pk": 106, "fields": {"type": "N", "created_on": "2023-03-10T09:20:07.824Z", "title": "Testing caching task", "text": "Testing caching taskTesting caching taskTesting caching taskTesting caching taskTesting caching taskTesting caching taskTesting caching taskTesting caching taskTesting caching taskTesting caching task", "rating": 0, "author": 8}}, {"model": "news.postcategory", "pk": 1, "fields": {"post": 1, "category": 1}}, {"model": "news.postcategory", "pk": 2, "fields": {"post": 1, "category": 5}}, {"model": "news.postcategory", "pk": 3, "fields": {"post": 2, "category": 1}}, {"model": "news.postcategory", "pk": 4, "fields": {"post": 2, "category": 2}}, {"model": "news.postcategory", "pk": 5, "fields": {"post": 3, "category": 3}}, {"model": "news.postcategory", "pk": 6, "fields": {"post": 3, "category": 6}}, {"model": "news.postcategory", "pk": 7, "fields": {"post": 6, "category": 8}}, {"model": "news.postcategory", "pk": 8, "fields": {"post": 6, "category": 9}}, {"model": "news.postcategory", "pk": 9, "fields": {"post": 6, "category": 7}}, {"model": "news.postcategory", "pk": 10, "fields": {"post": 7, "category": 10}}, {"model": "news.postcategory", "pk": 11, "fields": {"post": 7, "category": 11}}, {"model": "news.postcategory", "pk": 12, "fields": {"post": 7, "category": 13}}, {"model": "news.postcategory", "pk": 14, "fields": {"post": 9, "category": 14}}, {"model": "news.postcategory", "pk": 15, "fields": {"post": 9, "category": 15}}, {"model": "news.postcategory", "pk": 16, "fields": {"post": 10, "category": 16}}, {"model": "news.postcategory", "pk": 17, "fields": {"post": 11, "category": 17}}, {"model": "news.postcategory", "pk": 18, "fields": {"post": 11, "category": 18}}, {"model": "news.postcategory", "pk": 19, "fields": {"post": 12, "category": 19}}, {"model": "news.postcategory", "pk": 20, "fields": {"post": 13, "category": 20}}, {"model": "news.postcategory", "pk": 21, "fields": {"post": 13, "category": 21}}, {"model": "news.postcategory", "pk": 25, "fields": {"post": 37, "category": 2}}, {"model": "news.postcategory", "pk": 26, "fields": {"post": 38, "category": 2}}, {"model": "news.postcategory", "pk": 27, "fields": {"post": 39, "category": 2}}, {"model": "news.postcategory", "pk": 28, "fields": {"post": 40, "category": 2}}, {"model": "news.postcategory", "pk": 29, "fields": {"post": 41, "category": 1}}, {"model": "news.postcategory", "pk": 30, "fields": {"post": 42, "category": 1}}, {"model": "news.postcategory", "pk": 31, "fields": {"post": 43, "category": 1}}, {"model": "news.postcategory", "pk": 32, "fields": {"post": 44, "category": 1}}, {"model": "news.postcategory", "pk": 33, "fields": {"post": 45, "category": 1}}, {"model": "news.postcategory", "pk": 34, "fields": {"post": 46, "category": 1}}, {"model": "news.postcategory", "pk": 35, "fields": {"post": 47, "category": 1}}, {"model": "news.postcategory", "pk": 36, "fields": {"post": 47, "category": 2}}, {"model": "news.postcategory", "pk": 39, "fields": {"post": 51, "category": 1}}, {"model": "news.postcategory", "pk": 40, "fields": {"post": 52, "category": 1}}, {"model": "news.postcategory", "pk": 41, "fields": {"post": 53, "category": 1}}, {"model": "news.postcategory", "pk": 42, "fields": {"post": 54, "category": 1}}, {"model": "news.postcategory", "pk": 43, "fields": {"post": 56, "category": 1}}, {"model": "news.postcategory", "pk": 44, "fields": {"post": 57, "category": 1}}, {"model": "news.postcategory", "pk": 45, "fields": {"post": 58, "category": 1}}, {"model": "news.postcategory", "pk": 46, "fields": {"post": 59, "category": 1}}, {"model": "news.postcategory", "pk": 47, "fields": {"post": 60, "category": 1}}, {"model": "news.postcategory", "pk": 48, "fields": {"post": 62, "category": 1}}, {"model": "news.postcategory", "pk": 49, "fields": {"post": 62, "category": 2}}, {"model": "news.postcategory", "pk": 50, "fields": {"post": 63, "category": 1}}, {"model": "news.postcategory", "pk": 51, "fields": {"post": 63, "category": 2}}, {"model": "news.postcategory", "pk": 52, "fields": {"post": 64, "category": 1}}, {"model": "news.postcategory", "pk": 53, "fields": {"post": 64, "category": 2}}, {"model": "news.postcategory", "pk": 54, "fields": {"post": 65, "category": 1}}, {"model": "news.postcategory", "pk": 55, "fields": {"post": 65, "category": 2}}, {"model": "news.postcategory", "pk": 56, "fields": {"post": 66, "category": 1}}, {"model": "news.postcategory", "pk": 57, "fields": {"post": 66, "category": 2}}, {"model": "news.postcategory", "pk": 58, "fields": {"post": 67, "category": 1}}, {"model": "news.postcategory", "pk": 59, "fields": {"post": 67, "category": 2}}, {"model": "news.postcategory", "pk": 60, "fields": {"post": 68, "category": 1}}, {"model": "news.postcategory", "pk": 61, "fields": {"post": 68, "category": 2}}, {"model": "news.postcategory", "pk": 62, "fields": {"post": 69, "category": 1}}, {"model": "news.postcategory", "pk": 63, "fields": {"post": 70, "category": 1}}, {"model": "news.postcategory", "pk": 64, "fields": {"post": 71, "category": 1}}, {"model": "news.postcategory", "pk": 65, "fields": {"post": 72, "category": 1}}, {"model": "news.postcategory", "pk": 66, "fields": {"post": 74, "category": 1}}, {"model": "news.postcategory", "pk": 67, "fields": {"post": 76, "category": 1}}, {"model": "news.postcategory", "pk": 68, "fields": {"post": 77, "category": 1}}, {"model": "news.postcategory", "pk": 69, "fields": {"post": 78, "category": 1}}, {"model": "news.postcategory", "pk": 70, "fields": {"post": 79, "category": 1}}, {"model": "news.postcategory", "pk": 71, "fields": {"post": 79, "category": 2}}, {"model": "news.postcategory", "pk": 72, "fields": {"post": 80, "category": 4}}, {"model": "news.postcategory", "pk": 78, "fields": {"post": 87, "category": 1}}, {"model": "news.postcategory", "pk": 79, "fields": {"post": 88, "category": 1}}, {"model": "news.postcategory", "pk": 85, "fields": {"post": 97, "category": 2}}, {"model": "news.postcategory", "pk": 86, "fields": {"post": 98, "category": 2}}, {"model": "news.postcategory", "pk": 87, "fields": {"post": 100, "category": 2}}, {"model": "news.postcategory", "pk": 88, "fields": {"post": 101, "category": 2}}, {"model": "news.postcategory", "pk": 89, "fields": {"post": 102, "category": 2}}, {"model": "news.postcategory", "pk": 90, "fields": {"post": 103, "category": 20}}, {"model": "news.postcategory", "pk": 91, "fields": {"post": 104, "category": 2}}, {"model": "news.postcategory", "pk": 92, "fields": {"post": 105, "category": 2}}, {"model": "news.postcategory", "pk": 93, "fields": {"post": 106, "category": 2}}, {"model": "news.categorysubscriber", "pk": 3, "fields": {"category": 5, "subscriber": 15}}, {"model": "news.categorysubscriber", "pk": 4, "fields": {"category": 1, "subscriber": 15}}, {"model": "news.categorysubscriber", "pk": 6, "fields": {"category": 3, "subscriber": 15}}, {"model": "news.categorysubscriber", "pk": 7, "fields": {"category": 6, "subscriber": 15}}, {"model": "news.categorysubscriber", "pk": 8, "fields": {"category": 18, "subscriber": 15}}, {"model": "news.categorysubscriber", "pk": 9, "fields": {"category": 10, "subscriber": 15}}, {"model": "news.categorysubscriber", "pk": 10, "fields": {"category": 14, "subscriber": 15}}, {"model": "news.categorysubscriber", "pk": 11, "fields": {"category": 21, "subscriber": 15}}, {"model": "news.categorysubscriber", "pk": 12, "fields": {"category": 2, "subscriber": 15}}, {"model": "news.categorysubscriber", "pk": 13, "fields": {"category": 1, "subscriber": 12}}, {"model": "news.categorysubscriber", "pk": 14, "fields": {"category": 20, "subscriber": 15}}, {"model": "news.comment", "pk": 1, "fields": {"text": "А где список новых фич?", "created_on": "2023-02-05T15:42:59.324Z", "rating": 1, "post": 1, "user": 2}}, {"model": "news.comment", "pk": 2, "fields": {"text": "Ощущение, как будто новообращенный познал 6 рандомных либ и не смог удержаться, чтобы не поделиться радостью открытия с окружающими.\n\n«В каждом веб-приложении». Сейчас добрая половина, а, возможно, и много больше Django-приложений это чистый DRF, зачем там crispy или, прости господи, TinyMCE?", "created_on": "2023-02-05T15:46:49.526Z", "rating": -2, "post": 2, "user": 1}}, {"model": "news.comment", "pk": 3, "fields": {"text": "Спасибо за собранную воедино информацию. Полезно.", "created_on": "2023-02-05T15:48:00.460Z", "rating": 3, "post": 3, "user": 2}}, {"model": "news.comment", "pk": 4, "fields": {"text": "а какой wysiwyg сейчас в тренде?", "created_on": "2023-02-05T15:49:24.767Z", "rating": 1, "post": 2, "user": 2}}, {"model": "django_apscheduler.djangojob", "pk": "delete_old_job_executions", "fields": {"next_run_time": "2023-03-13T04:00:00Z", "job_state": "gAWVjgQAAAAAAAB9lCiMB3ZlcnNpb26USwGMAmlklIwZZGVsZXRlX29sZF9qb2JfZXhlY3V0aW9uc5SMBGZ1bmOUjEFuZXdzLm1hbmFnZW1lbnQuY29tbWFuZHMucnVuYXBzY2hlZHVsZXI6ZGVsZXRlX29sZF9qb2JfZXhlY3V0aW9uc5SMB3RyaWdnZXKUjBlhcHNjaGVkdWxlci50cmlnZ2Vycy5jcm9ulIwLQ3JvblRyaWdnZXKUk5QpgZR9lChoAUsCjAh0aW1lem9uZZSMG3B5dHpfZGVwcmVjYXRpb25fc2hpbS5faW1wbJSMCXdyYXBfem9uZZSTlIwIYnVpbHRpbnOUjAdnZXRhdHRylJOUjAh6b25laW5mb5SMCFpvbmVJbmZvlJOUjAlfdW5waWNrbGWUhpRSlIwQQW1lcmljYS9OZXdfWW9ya5RLAYaUUpRoGYaUUpSMCnN0YXJ0X2RhdGWUTowIZW5kX2RhdGWUTowGZmllbGRzlF2UKIwgYXBzY2hlZHVsZXIudHJpZ2dlcnMuY3Jvbi5maWVsZHOUjAlCYXNlRmllbGSUk5QpgZR9lCiMBG5hbWWUjAR5ZWFylIwKaXNfZGVmYXVsdJSIjAtleHByZXNzaW9uc5RdlIwlYXBzY2hlZHVsZXIudHJpZ2dlcnMuY3Jvbi5leHByZXNzaW9uc5SMDUFsbEV4cHJlc3Npb26Uk5QpgZR9lIwEc3RlcJROc2JhdWJoIowKTW9udGhGaWVsZJSTlCmBlH2UKGgnjAVtb250aJRoKYhoKl2UaC4pgZR9lGgxTnNiYXViaCKMD0RheU9mTW9udGhGaWVsZJSTlCmBlH2UKGgnjANkYXmUaCmIaCpdlGguKYGUfZRoMU5zYmF1YmgijAlXZWVrRmllbGSUk5QpgZR9lChoJ4wEd2Vla5RoKYhoKl2UaC4pgZR9lGgxTnNiYXViaCKMDkRheU9mV2Vla0ZpZWxklJOUKYGUfZQoaCeMC2RheV9vZl93ZWVrlGgpiWgqXZRoLIwWV2Vla2RheVJhbmdlRXhwcmVzc2lvbpSTlCmBlH2UKGgxTowFZmlyc3SUSwCMBGxhc3SUSwB1YmF1YmgkKYGUfZQoaCeMBGhvdXKUaCmJaCpdlGgsjA9SYW5nZUV4cHJlc3Npb26Uk5QpgZR9lChoMU5oVEsAaFVLAHViYXViaCQpgZR9lChoJ4wGbWludXRllGgpiWgqXZRoWymBlH2UKGgxTmhUSwBoVUsAdWJhdWJoJCmBlH2UKGgnjAZzZWNvbmSUaCmIaCpdlGhbKYGUfZQoaDFOaFRLAGhVSwB1YmF1YmWMBmppdHRlcpROdWKMCGV4ZWN1dG9ylIwHZGVmYXVsdJSMBGFyZ3OUKYwGa3dhcmdzlH2UaCdoA4wSbWlzZmlyZV9ncmFjZV90aW1llEsBjAhjb2FsZXNjZZSIjA1tYXhfaW5zdGFuY2VzlEsBjA1uZXh0X3J1bl90aW1llIwIZGF0ZXRpbWWUjAhkYXRldGltZZSTlEMKB+cDDQAAAAAAAJRoHYaUUpR1Lg=="}}, {"model": "django_apscheduler.djangojob", "pk": "my_job", "fields": {"next_run_time": "2023-03-07T06:42:20Z", "job_state": "gAWV/QMAAAAAAAB9lCiMB3ZlcnNpb26USwGMAmlklIwGbXlfam9ilIwEZnVuY5SMIG5ld3MubWFuYWdlbWVudC5qb2JzLmpvYnM6bXlfam9ilIwHdHJpZ2dlcpSMGWFwc2NoZWR1bGVyLnRyaWdnZXJzLmNyb26UjAtDcm9uVHJpZ2dlcpSTlCmBlH2UKGgBSwKMCHRpbWV6b25llIwbcHl0el9kZXByZWNhdGlvbl9zaGltLl9pbXBslIwJd3JhcF96b25llJOUjAhidWlsdGluc5SMB2dldGF0dHKUk5SMCHpvbmVpbmZvlIwIWm9uZUluZm+Uk5SMCV91bnBpY2tsZZSGlFKUjBBBbWVyaWNhL05ld19Zb3JrlEsBhpRSlGgZhpRSlIwKc3RhcnRfZGF0ZZROjAhlbmRfZGF0ZZROjAZmaWVsZHOUXZQojCBhcHNjaGVkdWxlci50cmlnZ2Vycy5jcm9uLmZpZWxkc5SMCUJhc2VGaWVsZJSTlCmBlH2UKIwEbmFtZZSMBHllYXKUjAppc19kZWZhdWx0lIiMC2V4cHJlc3Npb25zlF2UjCVhcHNjaGVkdWxlci50cmlnZ2Vycy5jcm9uLmV4cHJlc3Npb25zlIwNQWxsRXhwcmVzc2lvbpSTlCmBlH2UjARzdGVwlE5zYmF1YmgijApNb250aEZpZWxklJOUKYGUfZQoaCeMBW1vbnRolGgpiGgqXZRoLimBlH2UaDFOc2JhdWJoIowPRGF5T2ZNb250aEZpZWxklJOUKYGUfZQoaCeMA2RheZRoKYhoKl2UaC4pgZR9lGgxTnNiYXViaCKMCVdlZWtGaWVsZJSTlCmBlH2UKGgnjAR3ZWVrlGgpiGgqXZRoLimBlH2UaDFOc2JhdWJoIowORGF5T2ZXZWVrRmllbGSUk5QpgZR9lChoJ4wLZGF5X29mX3dlZWuUaCmIaCpdlGguKYGUfZRoMU5zYmF1YmgkKYGUfZQoaCeMBGhvdXKUaCmIaCpdlGguKYGUfZRoMU5zYmF1YmgkKYGUfZQoaCeMBm1pbnV0ZZRoKYhoKl2UaC4pgZR9lGgxTnNiYXViaCQpgZR9lChoJ4wGc2Vjb25klGgpiWgqXZRoLimBlH2UaDFLCnNiYXViZYwGaml0dGVylE51YowIZXhlY3V0b3KUjAdkZWZhdWx0lIwEYXJnc5QpjAZrd2FyZ3OUfZRoJ2gDjBJtaXNmaXJlX2dyYWNlX3RpbWWUSwGMCGNvYWxlc2NllIiMDW1heF9pbnN0YW5jZXOUSwGMDW5leHRfcnVuX3RpbWWUjAhkYXRldGltZZSMCGRhdGV0aW1llJOUQwoH5wMHASoUAAAAlGgdhpRSlHUu"}}, {"model": "django_apscheduler.djangojobexecution", "pk": 1, "fields": {"job": "my_job", "status": "Executed", "run_time": "2023-03-06T08:53:20Z", "duration": "0.01", "finished": "1678092800.01", "exception": null, "traceback": null}}, {"model": "django_apscheduler.djangojobexecution", "pk": 2, "fields": {"job": "my_job", "status": "Executed", "run_time": "2023-03-06T08:53:30Z", "duration": "0.04", "finished": "1678092810.04", "exception": null, "traceback": null}}, {"model": "django_apscheduler.djangojobexecution", "pk": 3, "fields": {"job": "my_job", "status": "Error!", "run_time": "2023-03-06T09:06:40Z", "duration": "0.01", "finished": "1678093600.01", "exception": "type object 'datetime.datetime' has no attribute 'timedelta'", "traceback": "  File \"C:\\Users\\imikh\\PycharmProjects\\newsPortal\\venv\\lib\\site-packages\\apscheduler\\executors\\base.py\", line 125, in run_job\n    retval = job.func(*job.args, **job.kwargs)\n  File \"C:\\Users\\imikh\\PycharmProjects\\newsPortal\\news\\management\\commands\\runapscheduler.py\", line 20, in my_job\n    start_date = datetime.today() - datetime.timedelta(days=7)\n"}}, {"model": "django_apscheduler.djangojobexecution", "pk": 4, "fields": {"job": "my_job", "status": "Executed", "run_time": "2023-03-06T09:07:10Z", "duration": "0.02", "finished": "1678093630.02", "exception": null, "traceback": null}}, {"model": "django_apscheduler.djangojobexecution", "pk": 5, "fields": {"job": "my_job", "status": "Executed", "run_time": "2023-03-06T09:07:20Z", "duration": "0.06", "finished": "1678093640.06", "exception": null, "traceback": null}}, {"model": "django_apscheduler.djangojobexecution", "pk": 6, "fields": {"job": "my_job", "status": "Executed", "run_time": "2023-03-06T09:08:20Z", "duration": "0.03", "finished": "1678093700.03", "exception": null, "traceback": null}}, {"model": "django_apscheduler.djangojobexecution", "pk": 7, "fields": {"job": "my_job", "status": "Executed", "run_time": "2023-03-06T09:09:30Z", "duration": "0.04", "finished": "1678093770.04", "exception": null, "traceback": null}}, {"model": "django_apscheduler.djangojobexecution", "pk": 8, "fields": {"job": "my_job", "status": "Executed", "run_time": "2023-03-06T09:14:20Z", "duration": "0.04", "finished": "1678094060.04", "exception": null, "traceback": null}}, {"model": "django_apscheduler.djangojobexecution", "pk": 9, "fields": {"job": "my_job", "status": "Executed", "run_time": "2023-03-06T09:15:00Z", "duration": "0.04", "finished": "1678094100.04", "exception": null, "traceback": null}}, {"model": "django_apscheduler.djangojobexecution", "pk": 10, "fields": {"job": "my_job", "status": "Error!", "run_time": "2023-03-06T09:23:10Z", "duration": "0.03", "finished": "1678094590.03", "exception": "'ManyToManyDescriptor' object is not iterable", "traceback": "  File \"C:\\Users\\imikh\\PycharmProjects\\newsPortal\\venv\\lib\\site-packages\\apscheduler\\executors\\base.py\", line 125, in run_job\n    retval = job.func(*job.args, **job.kwargs)\n  File \"C:\\Users\\imikh\\PycharmProjects\\newsPortal\\news\\management\\commands\\runapscheduler.py\", line 23, in my_job\n    for cat in Post.categories:\n"}}, {"model": "django_apscheduler.djangojobexecution", "pk": 11, "fields": {"job": "my_job", "status": "Error!", "run_time": "2023-03-06T09:24:10Z", "duration": "0.02", "finished": "1678094650.02", "exception": "'ManyToManyDescriptor' object has no attribute 'all'", "traceback": "  File \"C:\\Users\\imikh\\PycharmProjects\\newsPortal\\venv\\lib\\site-packages\\apscheduler\\executors\\base.py\", line 125, in run_job\n    retval = job.func(*job.args, **job.kwargs)\n  File \"C:\\Users\\imikh\\PycharmProjects\\newsPortal\\news\\management\\commands\\runapscheduler.py\", line 23, in my_job\n    for cat in Post.categories.all():\n"}}, {"model": "django_apscheduler.djangojobexecution", "pk": 12, "fields": {"job": "my_job", "status": "Executed", "run_time": "2023-03-06T09:25:00Z", "duration": "0.06", "finished": "1678094700.06", "exception": null, "traceback": null}}, {"model": "django_apscheduler.djangojobexecution", "pk": 13, "fields": {"job": "my_job", "status": "Executed", "run_time": "2023-03-06T09:28:40Z", "duration": "0.07", "finished": "1678094920.07", "exception": null, "traceback": null}}, {"model": "django_apscheduler.djangojobexecution", "pk": 14, "fields": {"job": "my_job", "status": "Executed", "run_time": "2023-03-06T09:29:40Z", "duration": "0.06", "finished": "1678094980.06", "exception": null, "traceback": null}}, {"model": "django_apscheduler.djangojobexecution", "pk": 15, "fields": {"job": "my_job", "status": "Executed", "run_time": "2023-03-06T09:35:10Z", "duration": "0.04", "finished": "1678095310.04", "exception": null, "traceback": null}}, {"model": "django_apscheduler.djangojobexecution", "pk": 16, "fields": {"job": "my_job", "status": "Executed", "run_time": "2023-03-06T09:37:00Z", "duration": "0.06", "finished": "1678095420.06", "exception": null, "traceback": null}}, {"model": "django_apscheduler.djangojobexecution", "pk": 17, "fields": {"job": "my_job", "status": "Executed", "run_time": "2023-03-06T09:55:10Z", "duration": "0.07", "finished": "1678096510.07", "exception": null, "traceback": null}}, {"model": "django_apscheduler.djangojobexecution", "pk": 18, "fields": {"job": "my_job", "status": "Executed", "run_time": "2023-03-06T14:32:50Z", "duration": "0.06", "finished": "1678113170.06", "exception": null, "traceback": null}}, {"model": "django_apscheduler.djangojobexecution", "pk": 19, "fields": {"job": "my_job", "status": "Executed", "run_time": "2023-03-06T14:33:00Z", "duration": "0.08", "finished": "1678113180.08", "exception": null, "traceback": null}}, {"model": "django_apscheduler.djangojobexecution", "pk": 20, "fields": {"job": "my_job", "status": "Executed", "run_time": "2023-03-06T14:36:00Z", "duration": "0.09", "finished": "1678113360.09", "exception": null, "traceback": null}}, {"model": "django_apscheduler.djangojobexecution", "pk": 21, "fields": {"job": "my_job", "status": "Executed", "run_time": "2023-03-06T14:41:30Z", "duration": "0.04", "finished": "1678113690.04", "exception": null, "traceback": null}}, {"model": "django_apscheduler.djangojobexecution", "pk": 22, "fields": {"job": "my_job", "status": "Error!", "run_time": "2023-03-06T14:42:50Z", "duration": "0.04", "finished": "1678113770.04", "exception": "'QuerySet' object has no attribute 'email'", "traceback": "  File \"C:\\Users\\imikh\\PycharmProjects\\newsPortal\\venv\\lib\\site-packages\\apscheduler\\executors\\base.py\", line 125, in run_job\n    retval = job.func(*job.args, **job.kwargs)\n  File \"C:\\Users\\imikh\\PycharmProjects\\newsPortal\\news\\management\\commands\\runapscheduler.py\", line 47, in my_job\n    recipient_list=[subscriber.get(cat_subscribers.email)]\n"}}, {"model": "django_apscheduler.djangojobexecution", "pk": 23, "fields": {"job": "my_job", "status": "Executed", "run_time": "2023-03-06T14:44:00Z", "duration": "0.06", "finished": "1678113840.06", "exception": null, "traceback": null}}, {"model": "django_apscheduler.djangojobexecution", "pk": 24, "fields": {"job": "my_job", "status": "Error!", "run_time": "2023-03-06T14:44:40Z", "duration": "0.03", "finished": "1678113880.03", "exception": "QuerySet indices must be integers or slices, not str.", "traceback": "  File \"C:\\Users\\imikh\\PycharmProjects\\newsPortal\\venv\\lib\\site-packages\\apscheduler\\executors\\base.py\", line 125, in run_job\n    retval = job.func(*job.args, **job.kwargs)\n  File \"C:\\Users\\imikh\\PycharmProjects\\newsPortal\\news\\management\\commands\\runapscheduler.py\", line 28, in my_job\n    print(subscriber.get(cat_subscribers['username']))\n  File \"C:\\Users\\imikh\\PycharmProjects\\newsPortal\\venv\\lib\\site-packages\\django\\db\\models\\query.py\", line 414, in __getitem__\n    raise TypeError(\n"}}, {"model": "django_apscheduler.djangojobexecution", "pk": 25, "fields": {"job": "my_job", "status": "Executed", "run_time": "2023-03-06T14:45:20Z", "duration": "0.06", "finished": "1678113920.06", "exception": null, "traceback": null}}, {"model": "django_apscheduler.djangojobexecution", "pk": 26, "fields": {"job": "my_job", "status": "Executed", "run_time": "2023-03-06T14:48:50Z", "duration": "0.04", "finished": "1678114130.04", "exception": null, "traceback": null}}, {"model": "django_apscheduler.djangojobexecution", "pk": 27, "fields": {"job": "my_job", "status": "Error!", "run_time": "2023-03-06T14:50:30Z", "duration": "1.16", "finished": "1678114231.16", "exception": "'QuerySet' object has no attribute 'splitlines'", "traceback": "  File \"C:\\Users\\imikh\\PycharmProjects\\newsPortal\\venv\\lib\\site-packages\\apscheduler\\executors\\base.py\", line 125, in run_job\n    retval = job.func(*job.args, **job.kwargs)\n  File \"C:\\Users\\imikh\\PycharmProjects\\newsPortal\\news\\management\\commands\\runapscheduler.py\", line 43, in my_job\n    msg.send()\n  File \"C:\\Users\\imikh\\PycharmProjects\\newsPortal\\venv\\lib\\site-packages\\django\\core\\mail\\message.py\", line 298, in send\n    return self.get_connection(fail_silently).send_messages([self])\n  File \"C:\\Users\\imikh\\PycharmProjects\\newsPortal\\venv\\lib\\site-packages\\django\\core\\mail\\backends\\smtp.py\", line 131, in send_messages\n    sent = self._send(message)\n  File \"C:\\Users\\imikh\\PycharmProjects\\newsPortal\\venv\\lib\\site-packages\\django\\core\\mail\\backends\\smtp.py\", line 147, in _send\n    message = email_message.message()\n  File \"C:\\Users\\imikh\\PycharmProjects\\newsPortal\\venv\\lib\\site-packages\\django\\core\\mail\\message.py\", line 260, in message\n    msg = SafeMIMEText(self.body, self.content_subtype, encoding)\n  File \"C:\\Users\\imikh\\PycharmProjects\\newsPortal\\venv\\lib\\site-packages\\django\\core\\mail\\message.py\", line 160, in __init__\n    MIMEText.__init__(self, _text, _subtype=_subtype, _charset=_charset)\n  File \"C:\\Python310\\lib\\email\\mime\\text.py\", line 42, in __init__\n    self.set_payload(_text, _charset)\n  File \"C:\\Users\\imikh\\PycharmProjects\\newsPortal\\venv\\lib\\site-packages\\django\\core\\mail\\message.py\", line 170, in set_payload\n    for line in payload.splitlines()\n"}}, {"model": "django_apscheduler.djangojobexecution", "pk": 28, "fields": {"job": "my_job", "status": "Error!", "run_time": "2023-03-06T15:21:40Z", "duration": "0.04", "finished": "1678116100.04", "exception": "Cannot resolve keyword 'subscribers' into field. Choices are: author, category, categorysubscriber, comment, date_joined, email, emailaddress, first_name, groups, id, is_active, is_staff, is_superuser, last_login, last_name, logentry, password, socialaccount, user_permissions, username", "traceback": "  File \"C:\\Users\\imikh\\PycharmProjects\\newsPortal\\venv\\lib\\site-packages\\apscheduler\\executors\\base.py\", line 125, in run_job\n    retval = job.func(*job.args, **job.kwargs)\n  File \"C:\\Users\\imikh\\PycharmProjects\\newsPortal\\news\\management\\commands\\runapscheduler.py\", line 26, in my_job\n    cat_subscribers = cat.subscribers.values('subscribers__username', 'subscribers__email')\n  File \"C:\\Users\\imikh\\PycharmProjects\\newsPortal\\venv\\lib\\site-packages\\django\\db\\models\\manager.py\", line 85, in manager_method\n    return getattr(self.get_queryset(), name)(*args, **kwargs)\n  File \"C:\\Users\\imikh\\PycharmProjects\\newsPortal\\venv\\lib\\site-packages\\django\\db\\models\\query.py\", line 1298, in values\n    clone = self._values(*fields, **expressions)\n  File \"C:\\Users\\imikh\\PycharmProjects\\newsPortal\\venv\\lib\\site-packages\\django\\db\\models\\query.py\", line 1293, in _values\n    clone.query.set_values(fields)\n  File \"C:\\Users\\imikh\\PycharmProjects\\newsPortal\\venv\\lib\\site-packages\\django\\db\\models\\sql\\query.py\", line 2437, in set_values\n    self.add_fields(field_names, True)\n  File \"C:\\Users\\imikh\\PycharmProjects\\newsPortal\\venv\\lib\\site-packages\\django\\db\\models\\sql\\query.py\", line 2142, in add_fields\n    join_info = self.setup_joins(\n  File \"C:\\Users\\imikh\\PycharmProjects\\newsPortal\\venv\\lib\\site-packages\\django\\db\\models\\sql\\query.py\", line 1808, in setup_joins\n    path, final_field, targets, rest = self.names_to_path(\n  File \"C:\\Users\\imikh\\PycharmProjects\\newsPortal\\venv\\lib\\site-packages\\django\\db\\models\\sql\\query.py\", line 1709, in names_to_path\n    raise FieldError(\n"}}, {"model": "django_apscheduler.djangojobexecution", "pk": 29, "fields": {"job": "my_job", "status": "Error!", "run_time": "2023-03-06T15:25:40Z", "duration": "0.03", "finished": "1678116340.03", "exception": "Cannot resolve keyword 'subscribers' into field. Choices are: author, category, categorysubscriber, comment, date_joined, email, emailaddress, first_name, groups, id, is_active, is_staff, is_superuser, last_login, last_name, logentry, password, socialaccount, user_permissions, username", "traceback": "  File \"C:\\Users\\imikh\\PycharmProjects\\newsPortal\\venv\\lib\\site-packages\\apscheduler\\executors\\base.py\", line 125, in run_job\n    retval = job.func(*job.args, **job.kwargs)\n  File \"C:\\Users\\imikh\\PycharmProjects\\newsPortal\\news\\management\\commands\\runapscheduler.py\", line 26, in my_job\n    cat_subscribers = cat.subscribers.values('subscribers__username', 'subscribers__email')\n  File \"C:\\Users\\imikh\\PycharmProjects\\newsPortal\\venv\\lib\\site-packages\\django\\db\\models\\manager.py\", line 85, in manager_method\n    return getattr(self.get_queryset(), name)(*args, **kwargs)\n  File \"C:\\Users\\imikh\\PycharmProjects\\newsPortal\\venv\\lib\\site-packages\\django\\db\\models\\query.py\", line 1298, in values\n    clone = self._values(*fields, **expressions)\n  File \"C:\\Users\\imikh\\PycharmProjects\\newsPortal\\venv\\lib\\site-packages\\django\\db\\models\\query.py\", line 1293, in _values\n    clone.query.set_values(fields)\n  File \"C:\\Users\\imikh\\PycharmProjects\\newsPortal\\venv\\lib\\site-packages\\django\\db\\models\\sql\\query.py\", line 2437, in set_values\n    self.add_fields(field_names, True)\n  File \"C:\\Users\\imikh\\PycharmProjects\\newsPortal\\venv\\lib\\site-packages\\django\\db\\models\\sql\\query.py\", line 2142, in add_fields\n    join_info = self.setup_joins(\n  File \"C:\\Users\\imikh\\PycharmProjects\\newsPortal\\venv\\lib\\site-packages\\django\\db\\models\\sql\\query.py\", line 1808, in setup_joins\n    path, final_field, targets, rest = self.names_to_path(\n  File \"C:\\Users\\imikh\\PycharmProjects\\newsPortal\\venv\\lib\\site-packages\\django\\db\\models\\sql\\query.py\", line 1709, in names_to_path\n    raise FieldError(\n"}}, {"model": "django_apscheduler.djangojobexecution", "pk": 30, "fields": {"job": "my_job", "status": "Executed", "run_time": "2023-03-06T15:26:40Z", "duration": "0.05", "finished": "1678116400.05", "exception": null, "traceback": null}}, {"model": "django_apscheduler.djangojobexecution", "pk": 31, "fields": {"job": "my_job", "status": "Executed", "run_time": "2023-03-06T15:26:50Z", "duration": "0.08", "finished": "1678116410.08", "exception": null, "traceback": null}}, {"model": "django_apscheduler.djangojobexecution", "pk": 32, "fields": {"job": "my_job", "status": "Executed", "run_time": "2023-03-06T15:33:10Z", "duration": "0.04", "finished": "1678116790.04", "exception": null, "traceback": null}}, {"model": "django_apscheduler.djangojobexecution", "pk": 33, "fields": {"job": "my_job", "status": "Executed", "run_time": "2023-03-06T15:36:30Z", "duration": "0.04", "finished": "1678116990.04", "exception": null, "traceback": null}}, {"model": "django_apscheduler.djangojobexecution", "pk": 34, "fields": {"job": "my_job", "status": "Executed", "run_time": "2023-03-06T15:40:00Z", "duration": "0.05", "finished": "1678117200.05", "exception": null, "traceback": null}}, {"model": "django_apscheduler.djangojobexecution", "pk": 35, "fields": {"job": "my_job", "status": "Error!", "run_time": "2023-03-06T15:41:50Z", "duration": "0.04", "finished": "1678117310.04", "exception": "'Category' object has no attribute 'values'", "traceback": "  File \"C:\\Users\\imikh\\PycharmProjects\\newsPortal\\venv\\lib\\site-packages\\apscheduler\\executors\\base.py\", line 125, in run_job\n    retval = job.func(*job.args, **job.kwargs)\n  File \"C:\\Users\\imikh\\PycharmProjects\\newsPortal\\news\\management\\commands\\runapscheduler.py\", line 26, in my_job\n    print(cat.values('subscribers__username', 'subscribers_email'))\n"}}, {"model": "django_apscheduler.djangojobexecution", "pk": 36, "fields": {"job": "my_job", "status": "Executed", "run_time": "2023-03-06T15:43:20Z", "duration": "0.04", "finished": "1678117400.04", "exception": null, "traceback": null}}, {"model": "django_apscheduler.djangojobexecution", "pk": 37, "fields": {"job": "my_job", "status": "Executed", "run_time": "2023-03-06T15:44:40Z", "duration": "0.05", "finished": "1678117480.05", "exception": null, "traceback": null}}, {"model": "django_apscheduler.djangojobexecution", "pk": 38, "fields": {"job": "my_job", "status": "Error!", "run_time": "2023-03-06T15:46:30Z", "duration": "0.03", "finished": "1678117590.03", "exception": "'method' object is not subscriptable", "traceback": "  File \"C:\\Users\\imikh\\PycharmProjects\\newsPortal\\venv\\lib\\site-packages\\apscheduler\\executors\\base.py\", line 125, in run_job\n    retval = job.func(*job.args, **job.kwargs)\n  File \"C:\\Users\\imikh\\PycharmProjects\\newsPortal\\news\\management\\commands\\runapscheduler.py\", line 32, in my_job\n    recipient_list=[subscribers.get['email']]\n"}}, {"model": "django_apscheduler.djangojobexecution", "pk": 39, "fields": {"job": "my_job", "status": "Error!", "run_time": "2023-03-06T15:47:30Z", "duration": "0.03", "finished": "1678117650.03", "exception": "too many values to unpack (expected 2)", "traceback": "  File \"C:\\Users\\imikh\\PycharmProjects\\newsPortal\\venv\\lib\\site-packages\\apscheduler\\executors\\base.py\", line 125, in run_job\n    retval = job.func(*job.args, **job.kwargs)\n  File \"C:\\Users\\imikh\\PycharmProjects\\newsPortal\\news\\management\\commands\\runapscheduler.py\", line 32, in my_job\n    recipient_list=[subscribers.get('email')]\n  File \"C:\\Users\\imikh\\PycharmProjects\\newsPortal\\venv\\lib\\site-packages\\django\\db\\models\\query.py\", line 636, in get\n    clone = self._chain() if self.query.combinator else self.filter(*args, **kwargs)\n  File \"C:\\Users\\imikh\\PycharmProjects\\newsPortal\\venv\\lib\\site-packages\\django\\db\\models\\query.py\", line 1421, in filter\n    return self._filter_or_exclude(False, args, kwargs)\n  File \"C:\\Users\\imikh\\PycharmProjects\\newsPortal\\venv\\lib\\site-packages\\django\\db\\models\\query.py\", line 1439, in _filter_or_exclude\n    clone._filter_or_exclude_inplace(negate, args, kwargs)\n  File \"C:\\Users\\imikh\\PycharmProjects\\newsPortal\\venv\\lib\\site-packages\\django\\db\\models\\query.py\", line 1446, in _filter_or_exclude_inplace\n    self._query.add_q(Q(*args, **kwargs))\n  File \"C:\\Users\\imikh\\PycharmProjects\\newsPortal\\venv\\lib\\site-packages\\django\\db\\models\\sql\\query.py\", line 1532, in add_q\n    clause, _ = self._add_q(q_object, self.used_aliases)\n  File \"C:\\Users\\imikh\\PycharmProjects\\newsPortal\\venv\\lib\\site-packages\\django\\db\\models\\sql\\query.py\", line 1562, in _add_q\n    child_clause, needed_inner = self.build_filter(\n  File \"C:\\Users\\imikh\\PycharmProjects\\newsPortal\\venv\\lib\\site-packages\\django\\db\\models\\sql\\query.py\", line 1404, in build_filter\n    arg, value = filter_expr\n"}}, {"model": "django_apscheduler.djangojobexecution", "pk": 40, "fields": {"job": "my_job", "status": "Error!", "run_time": "2023-03-06T16:15:10Z", "duration": "1.10", "finished": "1678119311.10", "exception": "Invalid address \"['imikhassik@gmail.com', 'azbai@yandex.ru']\"", "traceback": "  File \"C:\\Users\\imikh\\PycharmProjects\\newsPortal\\venv\\lib\\site-packages\\apscheduler\\executors\\base.py\", line 125, in run_job\n    retval = job.func(*job.args, **job.kwargs)\n  File \"C:\\Users\\imikh\\PycharmProjects\\newsPortal\\news\\management\\commands\\runapscheduler.py\", line 31, in my_job\n    send_mail(\n  File \"C:\\Users\\imikh\\PycharmProjects\\newsPortal\\venv\\lib\\site-packages\\django\\core\\mail\\__init__.py\", line 87, in send_mail\n    return mail.send()\n  File \"C:\\Users\\imikh\\PycharmProjects\\newsPortal\\venv\\lib\\site-packages\\django\\core\\mail\\message.py\", line 298, in send\n    return self.get_connection(fail_silently).send_messages([self])\n  File \"C:\\Users\\imikh\\PycharmProjects\\newsPortal\\venv\\lib\\site-packages\\django\\core\\mail\\backends\\smtp.py\", line 131, in send_messages\n    sent = self._send(message)\n  File \"C:\\Users\\imikh\\PycharmProjects\\newsPortal\\venv\\lib\\site-packages\\django\\core\\mail\\backends\\smtp.py\", line 144, in _send\n    recipients = [\n  File \"C:\\Users\\imikh\\PycharmProjects\\newsPortal\\venv\\lib\\site-packages\\django\\core\\mail\\backends\\smtp.py\", line 145, in <listcomp>\n    sanitize_address(addr, encoding) for addr in email_message.recipients()\n  File \"C:\\Users\\imikh\\PycharmProjects\\newsPortal\\venv\\lib\\site-packages\\django\\core\\mail\\message.py\", line 88, in sanitize_address\n    raise ValueError('Invalid address \"%s\"' % addr)\n"}}, {"model": "django_apscheduler.djangojobexecution", "pk": 41, "fields": {"job": "my_job", "status": "Executed", "run_time": "2023-03-06T16:16:10Z", "duration": "2.50", "finished": "1678119372.50", "exception": null, "traceback": null}}, {"model": "django_apscheduler.djangojobexecution", "pk": 42, "fields": {"job": "my_job", "status": "Error!", "run_time": "2023-03-06T16:24:40Z", "duration": "1.12", "finished": "1678119881.12", "exception": "'QuerySet' object has no attribute 'splitlines'", "traceback": "  File \"C:\\Users\\imikh\\PycharmProjects\\newsPortal\\venv\\lib\\site-packages\\apscheduler\\executors\\base.py\", line 125, in run_job\n    retval = job.func(*job.args, **job.kwargs)\n  File \"C:\\Users\\imikh\\PycharmProjects\\newsPortal\\news\\management\\commands\\runapscheduler.py\", line 46, in my_job\n    msg.send()\n  File \"C:\\Users\\imikh\\PycharmProjects\\newsPortal\\venv\\lib\\site-packages\\django\\core\\mail\\message.py\", line 298, in send\n    return self.get_connection(fail_silently).send_messages([self])\n  File \"C:\\Users\\imikh\\PycharmProjects\\newsPortal\\venv\\lib\\site-packages\\django\\core\\mail\\backends\\smtp.py\", line 131, in send_messages\n    sent = self._send(message)\n  File \"C:\\Users\\imikh\\PycharmProjects\\newsPortal\\venv\\lib\\site-packages\\django\\core\\mail\\backends\\smtp.py\", line 147, in _send\n    message = email_message.message()\n  File \"C:\\Users\\imikh\\PycharmProjects\\newsPortal\\venv\\lib\\site-packages\\django\\core\\mail\\message.py\", line 260, in message\n    msg = SafeMIMEText(self.body, self.content_subtype, encoding)\n  File \"C:\\Users\\imikh\\PycharmProjects\\newsPortal\\venv\\lib\\site-packages\\django\\core\\mail\\message.py\", line 160, in __init__\n    MIMEText.__init__(self, _text, _subtype=_subtype, _charset=_charset)\n  File \"C:\\Python310\\lib\\email\\mime\\text.py\", line 42, in __init__\n    self.set_payload(_text, _charset)\n  File \"C:\\Users\\imikh\\PycharmProjects\\newsPortal\\venv\\lib\\site-packages\\django\\core\\mail\\message.py\", line 170, in set_payload\n    for line in payload.splitlines()\n"}}, {"model": "django_apscheduler.djangojobexecution", "pk": 43, "fields": {"job": "my_job", "status": "Error!", "run_time": "2023-03-06T16:26:20Z", "duration": "1.12", "finished": "1678119981.12", "exception": "'QuerySet' object has no attribute 'splitlines'", "traceback": "  File \"C:\\Users\\imikh\\PycharmProjects\\newsPortal\\venv\\lib\\site-packages\\apscheduler\\executors\\base.py\", line 125, in run_job\n    retval = job.func(*job.args, **job.kwargs)\n  File \"C:\\Users\\imikh\\PycharmProjects\\newsPortal\\news\\management\\commands\\runapscheduler.py\", line 46, in my_job\n    msg.send()\n  File \"C:\\Users\\imikh\\PycharmProjects\\newsPortal\\venv\\lib\\site-packages\\django\\core\\mail\\message.py\", line 298, in send\n    return self.get_connection(fail_silently).send_messages([self])\n  File \"C:\\Users\\imikh\\PycharmProjects\\newsPortal\\venv\\lib\\site-packages\\django\\core\\mail\\backends\\smtp.py\", line 131, in send_messages\n    sent = self._send(message)\n  File \"C:\\Users\\imikh\\PycharmProjects\\newsPortal\\venv\\lib\\site-packages\\django\\core\\mail\\backends\\smtp.py\", line 147, in _send\n    message = email_message.message()\n  File \"C:\\Users\\imikh\\PycharmProjects\\newsPortal\\venv\\lib\\site-packages\\django\\core\\mail\\message.py\", line 260, in message\n    msg = SafeMIMEText(self.body, self.content_subtype, encoding)\n  File \"C:\\Users\\imikh\\PycharmProjects\\newsPortal\\venv\\lib\\site-packages\\django\\core\\mail\\message.py\", line 160, in __init__\n    MIMEText.__init__(self, _text, _subtype=_subtype, _charset=_charset)\n  File \"C:\\Python310\\lib\\email\\mime\\text.py\", line 42, in __init__\n    self.set_payload(_text, _charset)\n  File \"C:\\Users\\imikh\\PycharmProjects\\newsPortal\\venv\\lib\\site-packages\\django\\core\\mail\\message.py\", line 170, in set_payload\n    for line in payload.splitlines()\n"}}, {"model": "django_apscheduler.djangojobexecution", "pk": 44, "fields": {"job": "my_job", "status": "Error!", "run_time": "2023-03-06T16:28:10Z", "duration": "1.09", "finished": "1678120091.09", "exception": "'QuerySet' object has no attribute 'splitlines'", "traceback": "  File \"C:\\Users\\imikh\\PycharmProjects\\newsPortal\\venv\\lib\\site-packages\\apscheduler\\executors\\base.py\", line 125, in run_job\n    retval = job.func(*job.args, **job.kwargs)\n  File \"C:\\Users\\imikh\\PycharmProjects\\newsPortal\\news\\management\\commands\\runapscheduler.py\", line 43, in my_job\n    msg.send()\n  File \"C:\\Users\\imikh\\PycharmProjects\\newsPortal\\venv\\lib\\site-packages\\django\\core\\mail\\message.py\", line 298, in send\n    return self.get_connection(fail_silently).send_messages([self])\n  File \"C:\\Users\\imikh\\PycharmProjects\\newsPortal\\venv\\lib\\site-packages\\django\\core\\mail\\backends\\smtp.py\", line 131, in send_messages\n    sent = self._send(message)\n  File \"C:\\Users\\imikh\\PycharmProjects\\newsPortal\\venv\\lib\\site-packages\\django\\core\\mail\\backends\\smtp.py\", line 147, in _send\n    message = email_message.message()\n  File \"C:\\Users\\imikh\\PycharmProjects\\newsPortal\\venv\\lib\\site-packages\\django\\core\\mail\\message.py\", line 260, in message\n    msg = SafeMIMEText(self.body, self.content_subtype, encoding)\n  File \"C:\\Users\\imikh\\PycharmProjects\\newsPortal\\venv\\lib\\site-packages\\django\\core\\mail\\message.py\", line 160, in __init__\n    MIMEText.__init__(self, _text, _subtype=_subtype, _charset=_charset)\n  File \"C:\\Python310\\lib\\email\\mime\\text.py\", line 42, in __init__\n    self.set_payload(_text, _charset)\n  File \"C:\\Users\\imikh\\PycharmProjects\\newsPortal\\venv\\lib\\site-packages\\django\\core\\mail\\message.py\", line 170, in set_payload\n    for line in payload.splitlines()\n"}}, {"model": "django_apscheduler.djangojobexecution", "pk": 45, "fields": {"job": "my_job", "status": "Error!", "run_time": "2023-03-06T16:29:10Z", "duration": "1.07", "finished": "1678120151.07", "exception": "'QuerySet' object has no attribute 'splitlines'", "traceback": "  File \"C:\\Users\\imikh\\PycharmProjects\\newsPortal\\venv\\lib\\site-packages\\apscheduler\\executors\\base.py\", line 125, in run_job\n    retval = job.func(*job.args, **job.kwargs)\n  File \"C:\\Users\\imikh\\PycharmProjects\\newsPortal\\news\\management\\commands\\runapscheduler.py\", line 46, in my_job\n    msg.send()\n  File \"C:\\Users\\imikh\\PycharmProjects\\newsPortal\\venv\\lib\\site-packages\\django\\core\\mail\\message.py\", line 298, in send\n    return self.get_connection(fail_silently).send_messages([self])\n  File \"C:\\Users\\imikh\\PycharmProjects\\newsPortal\\venv\\lib\\site-packages\\django\\core\\mail\\backends\\smtp.py\", line 131, in send_messages\n    sent = self._send(message)\n  File \"C:\\Users\\imikh\\PycharmProjects\\newsPortal\\venv\\lib\\site-packages\\django\\core\\mail\\backends\\smtp.py\", line 147, in _send\n    message = email_message.message()\n  File \"C:\\Users\\imikh\\PycharmProjects\\newsPortal\\venv\\lib\\site-packages\\django\\core\\mail\\message.py\", line 260, in message\n    msg = SafeMIMEText(self.body, self.content_subtype, encoding)\n  File \"C:\\Users\\imikh\\PycharmProjects\\newsPortal\\venv\\lib\\site-packages\\django\\core\\mail\\message.py\", line 160, in __init__\n    MIMEText.__init__(self, _text, _subtype=_subtype, _charset=_charset)\n  File \"C:\\Python310\\lib\\email\\mime\\text.py\", line 42, in __init__\n    self.set_payload(_text, _charset)\n  File \"C:\\Users\\imikh\\PycharmProjects\\newsPortal\\venv\\lib\\site-packages\\django\\core\\mail\\message.py\", line 170, in set_payload\n    for line in payload.splitlines()\n"}}, {"model": "django_apscheduler.djangojobexecution", "pk": 46, "fields": {"job": "my_job", "status": "Executed", "run_time": "2023-03-06T16:31:20Z", "duration": "2.26", "finished": "1678120282.26", "exception": null, "traceback": null}}, {"model": "django_apscheduler.djangojobexecution", "pk": 47, "fields": {"job": "my_job", "status": "Error!", "run_time": "2023-03-06T16:33:50Z", "duration": "0.03", "finished": "1678120430.03", "exception": "'for' statements should use the format 'for x in y': for post in {{ post_list }}", "traceback": "  File \"C:\\Users\\imikh\\PycharmProjects\\newsPortal\\venv\\lib\\site-packages\\apscheduler\\executors\\base.py\", line 125, in run_job\n    retval = job.func(*job.args, **job.kwargs)\n  File \"C:\\Users\\imikh\\PycharmProjects\\newsPortal\\news\\management\\commands\\runapscheduler.py\", line 32, in my_job\n    html_content = render_to_string(\n  File \"C:\\Users\\imikh\\PycharmProjects\\newsPortal\\venv\\lib\\site-packages\\django\\template\\loader.py\", line 61, in render_to_string\n    template = get_template(template_name, using=using)\n  File \"C:\\Users\\imikh\\PycharmProjects\\newsPortal\\venv\\lib\\site-packages\\django\\template\\loader.py\", line 15, in get_template\n    return engine.get_template(template_name)\n  File \"C:\\Users\\imikh\\PycharmProjects\\newsPortal\\venv\\lib\\site-packages\\django\\template\\backends\\django.py\", line 34, in get_template\n    return Template(self.engine.get_template(template_name), self)\n  File \"C:\\Users\\imikh\\PycharmProjects\\newsPortal\\venv\\lib\\site-packages\\django\\template\\engine.py\", line 175, in get_template\n    template, origin = self.find_template(template_name)\n  File \"C:\\Users\\imikh\\PycharmProjects\\newsPortal\\venv\\lib\\site-packages\\django\\template\\engine.py\", line 157, in find_template\n    template = loader.get_template(name, skip=skip)\n  File \"C:\\Users\\imikh\\PycharmProjects\\newsPortal\\venv\\lib\\site-packages\\django\\template\\loaders\\cached.py\", line 57, in get_template\n    template = super().get_template(template_name, skip)\n  File \"C:\\Users\\imikh\\PycharmProjects\\newsPortal\\venv\\lib\\site-packages\\django\\template\\loaders\\base.py\", line 28, in get_template\n    return Template(\n  File \"C:\\Users\\imikh\\PycharmProjects\\newsPortal\\venv\\lib\\site-packages\\django\\template\\base.py\", line 154, in __init__\n    self.nodelist = self.compile_nodelist()\n  File \"C:\\Users\\imikh\\PycharmProjects\\newsPortal\\venv\\lib\\site-packages\\django\\template\\base.py\", line 200, in compile_nodelist\n    return parser.parse()\n  File \"C:\\Users\\imikh\\PycharmProjects\\newsPortal\\venv\\lib\\site-packages\\django\\template\\base.py\", line 513, in parse\n    raise self.error(token, e)\n  File \"C:\\Users\\imikh\\PycharmProjects\\newsPortal\\venv\\lib\\site-packages\\django\\template\\base.py\", line 511, in parse\n    compiled_result = compile_func(self, token)\n  File \"C:\\Users\\imikh\\PycharmProjects\\newsPortal\\venv\\lib\\site-packages\\django\\template\\defaulttags.py\", line 840, in do_for\n    raise TemplateSyntaxError(\n"}}, {"model": "django_apscheduler.djangojobexecution", "pk": 48, "fields": {"job": "my_job", "status": "Executed", "run_time": "2023-03-06T16:39:10Z", "duration": "2.45", "finished": "1678120752.45", "exception": null, "traceback": null}}, {"model": "django_apscheduler.djangojobexecution", "pk": 49, "fields": {"job": "my_job", "status": "Error!", "run_time": "2023-03-06T16:44:10Z", "duration": "1.93", "finished": "1678121051.93", "exception": "(554, b'5.7.1 Message rejected under suspicion of SPAM; https://ya.cc/1IrBc 1678121050-AidMmu1b60U1-L4WcENEM')", "traceback": "  File \"C:\\Users\\imikh\\PycharmProjects\\newsPortal\\venv\\lib\\site-packages\\apscheduler\\executors\\base.py\", line 125, in run_job\n    retval = job.func(*job.args, **job.kwargs)\n  File \"C:\\Users\\imikh\\PycharmProjects\\newsPortal\\news\\management\\commands\\runapscheduler.py\", line 48, in my_job\n    msg.send()\n  File \"C:\\Users\\imikh\\PycharmProjects\\newsPortal\\venv\\lib\\site-packages\\django\\core\\mail\\message.py\", line 298, in send\n    return self.get_connection(fail_silently).send_messages([self])\n  File \"C:\\Users\\imikh\\PycharmProjects\\newsPortal\\venv\\lib\\site-packages\\django\\core\\mail\\backends\\smtp.py\", line 131, in send_messages\n    sent = self._send(message)\n  File \"C:\\Users\\imikh\\PycharmProjects\\newsPortal\\venv\\lib\\site-packages\\django\\core\\mail\\backends\\smtp.py\", line 149, in _send\n    self.connection.sendmail(\n  File \"C:\\Python310\\lib\\smtplib.py\", line 908, in sendmail\n    raise SMTPDataError(code, resp)\n"}}, {"model": "django_apscheduler.djangojobexecution", "pk": 50, "fields": {"job": "my_job", "status": "Error!", "run_time": "2023-03-06T16:46:10Z", "duration": "1.05", "finished": "1678121171.05", "exception": "(535, b'5.7.8 Error: authentication failed: Invalid user or password! 1678121169-9kdSet1cmSw1')", "traceback": "  File \"C:\\Users\\imikh\\PycharmProjects\\newsPortal\\venv\\lib\\site-packages\\apscheduler\\executors\\base.py\", line 125, in run_job\n    retval = job.func(*job.args, **job.kwargs)\n  File \"C:\\Users\\imikh\\PycharmProjects\\newsPortal\\news\\management\\commands\\runapscheduler.py\", line 48, in my_job\n    msg.send()\n  File \"C:\\Users\\imikh\\PycharmProjects\\newsPortal\\venv\\lib\\site-packages\\django\\core\\mail\\message.py\", line 298, in send\n    return self.get_connection(fail_silently).send_messages([self])\n  File \"C:\\Users\\imikh\\PycharmProjects\\newsPortal\\venv\\lib\\site-packages\\django\\core\\mail\\backends\\smtp.py\", line 124, in send_messages\n    new_conn_created = self.open()\n  File \"C:\\Users\\imikh\\PycharmProjects\\newsPortal\\venv\\lib\\site-packages\\django\\core\\mail\\backends\\smtp.py\", line 91, in open\n    self.connection.login(self.username, self.password)\n  File \"C:\\Python310\\lib\\smtplib.py\", line 750, in login\n    raise last_exception\n  File \"C:\\Python310\\lib\\smtplib.py\", line 739, in login\n    (code, resp) = self.auth(\n  File \"C:\\Python310\\lib\\smtplib.py\", line 662, in auth\n    raise SMTPAuthenticationError(code, resp)\n"}}, {"model": "django_apscheduler.djangojobexecution", "pk": 51, "fields": {"job": "my_job", "status": "Error!", "run_time": "2023-03-06T16:47:20Z", "duration": "1.07", "finished": "1678121241.07", "exception": "(535, b'5.7.8 Error: authentication failed: Invalid user or password! 1678121239-JldwPu1ciW21')", "traceback": "  File \"C:\\Users\\imikh\\PycharmProjects\\newsPortal\\venv\\lib\\site-packages\\apscheduler\\executors\\base.py\", line 125, in run_job\n    retval = job.func(*job.args, **job.kwargs)\n  File \"C:\\Users\\imikh\\PycharmProjects\\newsPortal\\news\\management\\commands\\runapscheduler.py\", line 48, in my_job\n    msg.send()\n  File \"C:\\Users\\imikh\\PycharmProjects\\newsPortal\\venv\\lib\\site-packages\\django\\core\\mail\\message.py\", line 298, in send\n    return self.get_connection(fail_silently).send_messages([self])\n  File \"C:\\Users\\imikh\\PycharmProjects\\newsPortal\\venv\\lib\\site-packages\\django\\core\\mail\\backends\\smtp.py\", line 124, in send_messages\n    new_conn_created = self.open()\n  File \"C:\\Users\\imikh\\PycharmProjects\\newsPortal\\venv\\lib\\site-packages\\django\\core\\mail\\backends\\smtp.py\", line 91, in open\n    self.connection.login(self.username, self.password)\n  File \"C:\\Python310\\lib\\smtplib.py\", line 750, in login\n    raise last_exception\n  File \"C:\\Python310\\lib\\smtplib.py\", line 739, in login\n    (code, resp) = self.auth(\n  File \"C:\\Python310\\lib\\smtplib.py\", line 662, in auth\n    raise SMTPAuthenticationError(code, resp)\n"}}, {"model": "django_apscheduler.djangojobexecution", "pk": 52, "fields": {"job": "my_job", "status": "Error!", "run_time": "2023-03-06T16:51:30Z", "duration": "1.34", "finished": "1678121491.34", "exception": "(535, b'5.7.8 Error: authentication failed: Invalid user or password! 1678121490-TpdZ502ckqM1')", "traceback": "  File \"C:\\Users\\imikh\\PycharmProjects\\newsPortal\\venv\\lib\\site-packages\\apscheduler\\executors\\base.py\", line 125, in run_job\n    retval = job.func(*job.args, **job.kwargs)\n  File \"C:\\Users\\imikh\\PycharmProjects\\newsPortal\\news\\management\\commands\\runapscheduler.py\", line 48, in my_job\n    msg.send()\n  File \"C:\\Users\\imikh\\PycharmProjects\\newsPortal\\venv\\lib\\site-packages\\django\\core\\mail\\message.py\", line 298, in send\n    return self.get_connection(fail_silently).send_messages([self])\n  File \"C:\\Users\\imikh\\PycharmProjects\\newsPortal\\venv\\lib\\site-packages\\django\\core\\mail\\backends\\smtp.py\", line 124, in send_messages\n    new_conn_created = self.open()\n  File \"C:\\Users\\imikh\\PycharmProjects\\newsPortal\\venv\\lib\\site-packages\\django\\core\\mail\\backends\\smtp.py\", line 91, in open\n    self.connection.login(self.username, self.password)\n  File \"C:\\Python310\\lib\\smtplib.py\", line 750, in login\n    raise last_exception\n  File \"C:\\Python310\\lib\\smtplib.py\", line 739, in login\n    (code, resp) = self.auth(\n  File \"C:\\Python310\\lib\\smtplib.py\", line 662, in auth\n    raise SMTPAuthenticationError(code, resp)\n"}}, {"model": "django_apscheduler.djangojobexecution", "pk": 53, "fields": {"job": "my_job", "status": "Error!", "run_time": "2023-03-06T16:57:50Z", "duration": "1.88", "finished": "1678121871.88", "exception": "(554, b'5.7.1 Message rejected under suspicion of SPAM; https://ya.cc/1IrBc 1678121870-ovd6U12cdSw1-LsxkrLBB')", "traceback": "  File \"C:\\Users\\imikh\\PycharmProjects\\newsPortal\\venv\\lib\\site-packages\\apscheduler\\executors\\base.py\", line 125, in run_job\n    retval = job.func(*job.args, **job.kwargs)\n  File \"C:\\Users\\imikh\\PycharmProjects\\newsPortal\\news\\management\\commands\\runapscheduler.py\", line 48, in my_job\n    msg.send()\n  File \"C:\\Users\\imikh\\PycharmProjects\\newsPortal\\venv\\lib\\site-packages\\django\\core\\mail\\message.py\", line 298, in send\n    return self.get_connection(fail_silently).send_messages([self])\n  File \"C:\\Users\\imikh\\PycharmProjects\\newsPortal\\venv\\lib\\site-packages\\django\\core\\mail\\backends\\smtp.py\", line 131, in send_messages\n    sent = self._send(message)\n  File \"C:\\Users\\imikh\\PycharmProjects\\newsPortal\\venv\\lib\\site-packages\\django\\core\\mail\\backends\\smtp.py\", line 149, in _send\n    self.connection.sendmail(\n  File \"C:\\Python310\\lib\\smtplib.py\", line 908, in sendmail\n    raise SMTPDataError(code, resp)\n"}}, {"model": "django_apscheduler.djangojobexecution", "pk": 54, "fields": {"job": "my_job", "status": "Executed", "run_time": "2023-03-07T06:14:00Z", "duration": "2.42", "finished": "1678169642.42", "exception": null, "traceback": null}}, {"model": "django_apscheduler.djangojobexecution", "pk": 55, "fields": {"job": "my_job", "status": "Executed", "run_time": "2023-03-07T06:22:50Z", "duration": "2.58", "finished": "1678170172.58", "exception": null, "traceback": null}}, {"model": "django_apscheduler.djangojobexecution", "pk": 56, "fields": {"job": "my_job", "status": "Executed", "run_time": "2023-03-07T06:25:00Z", "duration": "3.74", "finished": "1678170303.74", "exception": null, "traceback": null}}, {"model": "django_apscheduler.djangojobexecution", "pk": 57, "fields": {"job": "my_job", "status": "Executed", "run_time": "2023-03-07T06:28:30Z", "duration": "2.36", "finished": "1678170512.36", "exception": null, "traceback": null}}, {"model": "django_apscheduler.djangojobexecution", "pk": 58, "fields": {"job": "my_job", "status": "Executed", "run_time": "2023-03-07T06:42:10Z", "duration": "2.51", "finished": "1678171332.51", "exception": null, "traceback": null}}]
